,weight
0,5210.0
1,5210.0
2,1160.0
3,1160.0
4,1160.0
5,1160.0
6,1160.0
7,1160.0
8,1160.0
9,1160.0
10,1160.0
11,1160.0
12,1160.0
13,1160.0
14,1160.0
15,1160.0
16,1160.0
17,1160.0
18,1160.0
19,1160.0
20,1160.0
21,1160.0
22,1160.0
23,1160.0
24,1160.0
25,1160.0
26,1160.0
27,1160.0
28,1160.0
29,1160.0
30,1160.0
31,1160.0
32,1160.0
33,1160.0
34,1864.0
35,1864.0
36,1864.0
37,1864.0
38,1864.0
39,1864.0
40,1864.0
41,1864.0
42,1864.0
43,1864.0
44,1864.0
45,1864.0
46,1078.0
47,1078.0
48,1078.0
49,1078.0
50,1078.0
51,1078.0
52,1078.0
53,1078.0
54,1078.0
55,1078.0
56,1078.0
57,1078.0
58,1078.0
59,1078.0
60,1078.0
61,1078.0
62,1078.0
63,1078.0
64,1078.0
65,1078.0
66,1078.0
67,1078.0
68,1078.0
69,1078.0
70,673.0
71,673.0
72,673.0
73,673.0
74,673.0
75,673.0
76,673.0
77,673.0
78,673.0
79,673.0
80,673.0
81,673.0
82,673.0
83,673.0
84,673.0
85,673.0
86,673.0
87,673.0
88,673.0
89,673.0
90,673.0
91,673.0
92,673.0
93,673.0
94,673.0
95,673.0
96,673.0
97,673.0
98,673.0
99,673.0
100,673.0
101,673.0
102,673.0
103,673.0
104,673.0
105,673.0
106,673.0
107,673.0
108,673.0
109,673.0
110,673.0
111,1103.0
112,1103.0
113,1103.0
114,1103.0
115,1103.0
116,1103.0
117,1103.0
118,1103.0
119,1103.0
120,1103.0
121,1103.0
122,1103.0
123,1103.0
124,1103.0
125,1103.0
126,1103.0
127,1103.0
128,1103.0
129,1103.0
130,1103.0
131,1103.0
132,1103.0
133,1103.0
134,2685.0
135,2685.0
136,2685.0
137,1365.0
138,1365.0
139,1365.0
140,1365.0
141,1365.0
142,1365.0
143,1365.0
144,1365.0
145,1365.0
146,1365.0
147,1365.0
148,1365.0
149,1365.0
150,1365.0
151,1460.0
152,1460.0
153,1460.0
154,1460.0
155,1460.0
156,1460.0
157,1460.0
158,1460.0
159,1460.0
160,1460.0
161,1045.0
162,1045.0
163,1045.0
164,1045.0
165,1045.0
166,1045.0
167,1045.0
168,1045.0
169,1045.0
170,1045.0
171,1045.0
172,1045.0
173,1045.0
174,1045.0
175,1045.0
176,721.0
177,721.0
178,721.0
179,721.0
180,721.0
181,721.0
182,721.0
183,721.0
184,721.0
185,721.0
186,721.0
187,721.0
188,721.0
189,721.0
190,721.0
191,721.0
192,721.0
193,721.0
194,721.0
195,721.0
196,721.0
197,721.0
198,721.0
199,721.0
200,721.0
201,682.0
202,682.0
203,682.0
204,682.0
205,682.0
206,682.0
207,682.0
208,682.0
209,682.0
210,682.0
211,682.0
212,682.0
213,682.0
214,682.0
215,682.0
216,682.0
217,682.0
218,682.0
219,682.0
220,682.0
221,682.0
222,682.0
223,682.0
224,3968.0
225,3968.0
226,3968.0
227,1149.0
228,1149.0
229,1149.0
230,1149.0
231,1149.0
232,1149.0
233,1149.0
234,1149.0
235,1149.0
236,1149.0
237,1149.0
238,1149.0
239,1149.0
240,1149.0
241,1149.0
242,1149.0
243,1149.0
244,1149.0
245,1149.0
246,1149.0
247,1149.0
248,1149.0
249,1263.0
250,1263.0
251,1263.0
252,1263.0
253,1263.0
254,1263.0
255,1263.0
256,1263.0
257,1263.0
258,1263.0
259,1263.0
260,1263.0
261,1263.0
262,1263.0
263,944.0
264,944.0
265,944.0
266,944.0
267,944.0
268,944.0
269,944.0
270,944.0
271,944.0
272,944.0
273,944.0
274,944.0
275,944.0
276,944.0
277,944.0
278,944.0
279,944.0
280,944.0
281,944.0
282,944.0
283,944.0
284,944.0
285,666.0
286,666.0
287,666.0
288,666.0
289,666.0
290,666.0
291,666.0
292,666.0
293,666.0
294,666.0
295,666.0
296,666.0
297,666.0
298,666.0
299,666.0
300,666.0
301,666.0
302,666.0
303,666.0
304,666.0
305,666.0
306,666.0
307,666.0
308,666.0
309,666.0
310,666.0
311,1162.0
312,1162.0
313,1162.0
314,1162.0
315,1162.0
316,1162.0
317,1162.0
318,1162.0
319,1162.0
320,1162.0
321,1162.0
322,1162.0
323,1162.0
324,1162.0
325,3123.0
326,3123.0
327,3123.0
328,3123.0
329,719.0
330,719.0
331,719.0
332,719.0
333,719.0
334,719.0
335,719.0
336,719.0
337,719.0
338,719.0
339,719.0
340,719.0
341,719.0
342,719.0
343,719.0
344,719.0
345,719.0
346,719.0
347,719.0
348,719.0
349,719.0
350,719.0
351,719.0
352,719.0
353,719.0
354,719.0
355,719.0
356,719.0
357,1152.0
358,1152.0
359,1152.0
360,1152.0
361,1152.0
362,1152.0
363,1152.0
364,1152.0
365,1152.0
366,1152.0
367,1152.0
368,1152.0
369,1152.0
370,1152.0
371,1152.0
372,1152.0
373,1381.0
374,1381.0
375,1381.0
376,1381.0
377,1381.0
378,1381.0
379,1381.0
380,1381.0
381,1381.0
382,1381.0
383,1381.0
384,1381.0
385,1381.0
386,1381.0
387,510.0
388,510.0
389,510.0
390,510.0
391,510.0
392,510.0
393,510.0
394,510.0
395,510.0
396,510.0
397,510.0
398,510.0
399,510.0
400,510.0
401,510.0
402,510.0
403,510.0
404,510.0
405,510.0
406,510.0
407,510.0
408,510.0
409,510.0
410,510.0
411,510.0
412,510.0
413,510.0
414,510.0
415,510.0
416,510.0
417,641.0
418,641.0
419,641.0
420,641.0
421,641.0
422,641.0
423,641.0
424,641.0
425,641.0
426,641.0
427,641.0
428,641.0
429,641.0
430,641.0
431,641.0
432,641.0
433,641.0
434,641.0
435,641.0
436,641.0
437,641.0
438,641.0
439,641.0
440,641.0
441,3165.0
442,1997.0
443,1997.0
444,1997.0
445,1997.0
446,1997.0
447,1997.0
448,1997.0
449,1997.0
450,1997.0
451,1997.0
452,1997.0
453,1997.0
454,1997.0
455,2059.0
456,2059.0
457,2059.0
458,2059.0
459,2059.0
460,2059.0
461,2059.0
462,2059.0
463,2059.0
464,912.0
465,912.0
466,912.0
467,912.0
468,912.0
469,912.0
470,912.0
471,912.0
472,912.0
473,817.0
474,817.0
475,817.0
476,817.0
477,817.0
478,817.0
479,817.0
480,817.0
481,817.0
482,817.0
483,817.0
484,817.0
485,817.0
486,817.0
487,1959.0
488,1959.0
489,1959.0
490,1959.0
491,1959.0
492,3765.0
493,895.0
494,895.0
495,895.0
496,895.0
497,895.0
498,895.0
499,895.0
500,895.0
501,895.0
502,895.0
503,895.0
504,895.0
505,895.0
506,895.0
507,895.0
508,895.0
509,895.0
510,895.0
511,895.0
512,895.0
513,895.0
514,895.0
515,895.0
516,895.0
517,895.0
518,895.0
519,895.0
520,895.0
521,895.0
522,895.0
523,895.0
524,895.0
525,895.0
526,895.0
527,2345.0
528,2345.0
529,2345.0
530,2345.0
531,2345.0
532,2345.0
533,2345.0
534,2345.0
535,2345.0
536,2345.0
537,2345.0
538,2345.0
539,2345.0
540,2345.0
541,2345.0
542,941.0
543,941.0
544,941.0
545,941.0
546,941.0
547,941.0
548,941.0
549,941.0
550,663.0
551,663.0
552,663.0
553,663.0
554,663.0
555,663.0
556,663.0
557,663.0
558,663.0
559,663.0
560,663.0
561,663.0
562,663.0
563,663.0
564,663.0
565,663.0
566,1245.0
567,1245.0
568,1245.0
569,1245.0
570,1245.0
571,1245.0
572,1245.0
573,1245.0
574,998.0
575,998.0
576,1852.0
577,1852.0
578,1852.0
579,1852.0
580,1852.0
581,1852.0
582,1852.0
583,1852.0
584,1852.0
585,1852.0
586,1852.0
587,1852.0
588,1852.0
589,3202.0
590,3202.0
591,3202.0
592,3202.0
593,3202.0
594,3202.0
595,3202.0
596,3202.0
597,3202.0
598,579.0
599,579.0
600,579.0
601,579.0
602,579.0
603,579.0
604,579.0
605,579.0
606,579.0
607,579.0
608,579.0
609,579.0
610,741.0
611,741.0
612,741.0
613,741.0
614,741.0
615,741.0
616,741.0
617,741.0
618,741.0
619,741.0
620,741.0
621,1105.0
622,1105.0
623,1105.0
624,1105.0
625,1105.0
626,1105.0
627,1105.0
628,1105.0
629,1105.0
630,1105.0
631,1105.0
632,1105.0
633,1179.0
634,1179.0
635,1179.0
636,1179.0
637,1179.0
638,1179.0
639,1179.0
640,1179.0
641,1179.0
642,1179.0
643,1179.0
644,1215.0
645,1215.0
646,1215.0
647,1215.0
648,1215.0
649,1215.0
650,1215.0
651,1215.0
652,1215.0
653,1215.0
654,1215.0
655,1215.0
656,709.0
657,709.0
658,709.0
659,709.0
660,637.0
661,637.0
662,637.0
663,637.0
664,637.0
665,1277.0
666,1277.0
667,995.0
668,995.0
669,995.0
670,971.0
671,971.0
672,971.0
673,971.0
674,4550.0
675,1185.0
676,1185.0
677,1185.0
678,1185.0
679,1185.0
680,1185.0
681,1185.0
682,1185.0
683,1185.0
684,1185.0
685,1185.0
686,4188.0
687,4188.0
688,4188.0
689,2428.0
690,2428.0
691,1640.0
692,1640.0
693,1640.0
694,1640.0
695,2967.0
696,2967.0
697,2635.0
698,2635.0
699,2635.0
700,2635.0
701,1559.0
702,1559.0
703,1559.0
704,1559.0
705,1559.0
706,1559.0
707,1559.0
708,1559.0
709,1172.0
710,1172.0
711,1172.0
712,1547.0
713,1547.0
714,1547.0
715,948.0
716,948.0
717,948.0
718,2862.0
719,2862.0
720,2862.0
721,841.0
722,841.0
723,841.0
724,841.0
725,841.0
726,841.0
727,841.0
728,841.0
729,841.0
730,841.0
731,841.0
732,841.0
733,1615.0
734,1615.0
735,776.0
736,776.0
737,776.0
738,776.0
739,776.0
740,776.0
741,776.0
742,776.0
743,776.0
744,776.0
745,776.0
746,776.0
747,776.0
748,776.0
749,776.0
750,776.0
751,776.0
752,776.0
753,776.0
754,776.0
755,776.0
756,776.0
757,776.0
758,776.0
759,776.0
760,776.0
761,954.0
762,954.0
763,954.0
764,954.0
765,954.0
766,954.0
767,954.0
768,954.0
769,954.0
770,954.0
771,954.0
772,954.0
773,954.0
774,954.0
775,954.0
776,954.0
777,1411.0
778,1411.0
779,1411.0
780,1411.0
781,1411.0
782,1411.0
783,1411.0
784,8060.0
785,550.0
786,550.0
787,550.0
788,550.0
789,550.0
790,550.0
791,550.0
792,550.0
793,550.0
794,550.0
795,550.0
796,550.0
797,607.0
798,607.0
799,607.0
800,607.0
801,607.0
802,639.0
803,639.0
804,639.0
805,639.0
806,639.0
807,639.0
808,639.0
809,639.0
810,639.0
811,639.0
812,639.0
813,639.0
814,639.0
815,639.0
816,639.0
817,639.0
818,639.0
819,639.0
820,639.0
821,639.0
822,639.0
823,639.0
824,639.0
825,639.0
826,639.0
827,639.0
828,589.0
829,589.0
830,589.0
831,589.0
832,589.0
833,589.0
834,589.0
835,589.0
836,589.0
837,589.0
838,589.0
839,589.0
840,589.0
841,589.0
842,589.0
843,589.0
844,589.0
845,589.0
846,977.0
847,977.0
848,977.0
849,977.0
850,977.0
851,977.0
852,977.0
853,2395.0
854,2395.0
855,2395.0
856,2395.0
857,2395.0
858,958.0
859,958.0
860,958.0
861,958.0
862,958.0
863,958.0
864,958.0
865,958.0
866,958.0
867,958.0
868,958.0
869,958.0
870,958.0
871,808.0
872,808.0
873,808.0
874,808.0
875,808.0
876,808.0
877,808.0
878,561.0
879,561.0
880,561.0
881,561.0
882,561.0
883,561.0
884,561.0
885,561.0
886,561.0
887,561.0
888,561.0
889,561.0
890,561.0
891,561.0
892,561.0
893,561.0
894,561.0
895,561.0
896,561.0
897,561.0
898,561.0
899,561.0
900,561.0
901,561.0
902,561.0
903,561.0
904,561.0
905,561.0
906,561.0
907,561.0
908,561.0
909,561.0
910,561.0
911,561.0
912,561.0
913,561.0
914,561.0
915,561.0
916,561.0
917,802.0
918,802.0
919,802.0
920,802.0
921,802.0
922,802.0
923,802.0
924,802.0
925,802.0
926,802.0
927,802.0
928,802.0
929,802.0
930,802.0
931,802.0
932,802.0
933,802.0
934,802.0
935,802.0
936,808.0
937,808.0
938,808.0
939,808.0
940,808.0
941,808.0
942,808.0
943,808.0
944,808.0
945,808.0
946,808.0
947,6603.0
948,6603.0
949,837.0
950,837.0
951,837.0
952,837.0
953,837.0
954,837.0
955,837.0
956,837.0
957,837.0
958,837.0
959,837.0
960,837.0
961,837.0
962,533.0
963,533.0
964,533.0
965,533.0
966,533.0
967,533.0
968,533.0
969,533.0
970,533.0
971,586.0
972,586.0
973,586.0
974,586.0
975,586.0
976,586.0
977,586.0
978,586.0
979,586.0
980,586.0
981,586.0
982,586.0
983,586.0
984,586.0
985,586.0
986,586.0
987,586.0
988,586.0
989,586.0
990,586.0
991,586.0
992,586.0
993,586.0
994,517.0
995,517.0
996,517.0
997,517.0
998,517.0
999,517.0
1000,517.0
1001,517.0
1002,517.0
1003,517.0
1004,517.0
1005,517.0
1006,517.0
1007,517.0
1008,517.0
1009,517.0
1010,517.0
1011,517.0
1012,517.0
1013,517.0
1014,517.0
1015,517.0
1016,517.0
1017,517.0
1018,517.0
1019,634.0
1020,634.0
1021,634.0
1022,634.0
1023,634.0
1024,634.0
1025,634.0
1026,634.0
1027,634.0
1028,634.0
1029,988.0
1030,988.0
1031,988.0
1032,988.0
1033,988.0
1034,988.0
1035,988.0
1036,988.0
1037,988.0
1038,988.0
1039,3695.0
1040,1252.0
1041,1252.0
1042,1252.0
1043,1252.0
1044,1252.0
1045,1136.0
1046,1136.0
1047,1136.0
1048,1136.0
1049,1136.0
1050,1196.0
1051,1196.0
1052,1196.0
1053,1196.0
1054,1196.0
1055,1196.0
1056,570.0
1057,570.0
1058,1521.0
1059,1521.0
1060,1521.0
1061,1521.0
1062,1521.0
1063,1521.0
1064,1521.0
1065,1521.0
1066,1521.0
1067,1521.0
1068,1521.0
1069,1521.0
1070,1521.0
1071,2529.0
1072,2529.0
1073,2529.0
1074,2529.0
1075,2529.0
1076,1020.0
1077,1020.0
1078,1020.0
1079,1020.0
1080,1020.0
1081,1020.0
1082,1020.0
1083,1020.0
1084,1020.0
1085,645.0
1086,645.0
1087,645.0
1088,645.0
1089,645.0
1090,645.0
1091,645.0
1092,645.0
1093,645.0
1094,645.0
1095,645.0
1096,645.0
1097,645.0
1098,645.0
1099,645.0
1100,1744.0
1101,1744.0
1102,1744.0
1103,1744.0
1104,1744.0
1105,1744.0
1106,1744.0
1107,1087.0
1108,1087.0
1109,1087.0
1110,1087.0
1111,1087.0
1112,1087.0
1113,1087.0
1114,1087.0
1115,1087.0
1116,1087.0
1117,1087.0
1118,1087.0
1119,1087.0
1120,1087.0
1121,1087.0
1122,1087.0
1123,1087.0
1124,1087.0
1125,1087.0
1126,1087.0
1127,2177.0
1128,2177.0
1129,2177.0
1130,2177.0
1131,2177.0
1132,2177.0
1133,2177.0
1134,532.0
1135,532.0
1136,532.0
1137,532.0
1138,532.0
1139,532.0
1140,532.0
1141,532.0
1142,532.0
1143,532.0
1144,532.0
1145,852.0
1146,852.0
1147,852.0
1148,852.0
1149,852.0
1150,852.0
1151,852.0
1152,852.0
1153,852.0
1154,697.0
1155,697.0
1156,697.0
1157,697.0
1158,697.0
1159,697.0
1160,697.0
1161,697.0
1162,697.0
1163,697.0
1164,697.0
1165,697.0
1166,697.0
1167,697.0
1168,697.0
1169,697.0
1170,1874.0
1171,1874.0
1172,1874.0
1173,1874.0
1174,2095.0
1175,2095.0
1176,2095.0
1177,1068.0
1178,1068.0
1179,380.0
1180,380.0
1181,380.0
1182,380.0
1183,380.0
1184,380.0
1185,380.0
1186,380.0
1187,845.0
1188,845.0
1189,845.0
1190,845.0
1191,845.0
1192,618.0
1193,618.0
1194,1135.0
1195,1135.0
1196,1135.0
1197,361.0
1198,361.0
1199,361.0
1200,361.0
1201,361.0
1202,521.0
1203,521.0
1204,521.0
1205,521.0
1206,1200.0
1207,1200.0
1208,606.0
1209,606.0
1210,606.0
1211,606.0
1212,606.0
1213,606.0
1214,4290.0
1215,1010.0
1216,1465.0
1217,458.0
1218,458.0
1219,458.0
1220,515.0
1221,515.0
1222,138.0
1223,138.0
1224,395.0
1225,3109.0
1226,3109.0
1227,3109.0
1228,3109.0
1229,3109.0
1230,1075.0
1231,1075.0
1232,1075.0
1233,1075.0
1234,1075.0
1235,1075.0
1236,1075.0
1237,1075.0
1238,1075.0
1239,1075.0
1240,1075.0
1241,1075.0
1242,1075.0
1243,1075.0
1244,1075.0
1245,1075.0
1246,1075.0
1247,1075.0
1248,1075.0
1249,1075.0
1250,1075.0
1251,1075.0
1252,1075.0
1253,1075.0
1254,2301.0
1255,2301.0
1256,2301.0
1257,873.0
1258,873.0
1259,873.0
1260,873.0
1261,873.0
1262,873.0
1263,873.0
1264,873.0
1265,873.0
1266,873.0
1267,873.0
1268,873.0
1269,873.0
1270,873.0
1271,873.0
1272,873.0
1273,873.0
1274,873.0
1275,873.0
1276,873.0
1277,873.0
1278,873.0
1279,873.0
1280,873.0
1281,873.0
1282,873.0
1283,873.0
1284,873.0
1285,873.0
1286,873.0
1287,873.0
1288,873.0
1289,873.0
1290,873.0
1291,873.0
1292,873.0
1293,873.0
1294,873.0
1295,873.0
1296,873.0
1297,873.0
1298,873.0
1299,873.0
1300,873.0
1301,873.0
1302,873.0
1303,873.0
1304,873.0
1305,873.0
1306,787.0
1307,787.0
1308,787.0
1309,787.0
1310,787.0
1311,787.0
1312,787.0
1313,787.0
1314,787.0
1315,787.0
1316,787.0
1317,787.0
1318,787.0
1319,787.0
1320,787.0
1321,787.0
1322,787.0
1323,787.0
1324,787.0
1325,787.0
1326,787.0
1327,787.0
1328,787.0
1329,787.0
1330,787.0
1331,787.0
1332,787.0
1333,787.0
1334,787.0
1335,787.0
1336,787.0
1337,787.0
1338,787.0
1339,787.0
1340,787.0
1341,787.0
1342,787.0
1343,787.0
1344,787.0
1345,787.0
1346,787.0
1347,787.0
1348,787.0
1349,1182.0
1350,1182.0
1351,1182.0
1352,1182.0
1353,1182.0
1354,1182.0
1355,1182.0
1356,1182.0
1357,1182.0
1358,1182.0
1359,1182.0
1360,1182.0
1361,1182.0
1362,1182.0
1363,1182.0
1364,1182.0
1365,1182.0
1366,1182.0
1367,1182.0
1368,1182.0
1369,8210.0
1370,8210.0
1371,512.0
1372,512.0
1373,512.0
1374,512.0
1375,512.0
1376,512.0
1377,512.0
1378,512.0
1379,512.0
1380,512.0
1381,512.0
1382,512.0
1383,512.0
1384,512.0
1385,512.0
1386,512.0
1387,512.0
1388,512.0
1389,512.0
1390,512.0
1391,512.0
1392,512.0
1393,512.0
1394,512.0
1395,512.0
1396,512.0
1397,512.0
1398,512.0
1399,512.0
1400,512.0
1401,512.0
1402,512.0
1403,512.0
1404,968.0
1405,968.0
1406,968.0
1407,968.0
1408,968.0
1409,968.0
1410,968.0
1411,968.0
1412,968.0
1413,893.0
1414,893.0
1415,893.0
1416,893.0
1417,893.0
1418,893.0
1419,893.0
1420,893.0
1421,893.0
1422,893.0
1423,893.0
1424,893.0
1425,893.0
1426,893.0
1427,893.0
1428,893.0
1429,893.0
1430,893.0
1431,893.0
1432,893.0
1433,893.0
1434,893.0
1435,893.0
1436,893.0
1437,893.0
1438,893.0
1439,893.0
1440,893.0
1441,893.0
1442,893.0
1443,893.0
1444,714.0
1445,714.0
1446,714.0
1447,714.0
1448,714.0
1449,714.0
1450,714.0
1451,714.0
1452,714.0
1453,714.0
1454,714.0
1455,714.0
1456,714.0
1457,714.0
1458,714.0
1459,714.0
1460,714.0
1461,714.0
1462,714.0
1463,714.0
1464,714.0
1465,714.0
1466,714.0
1467,714.0
1468,714.0
1469,714.0
1470,714.0
1471,714.0
1472,714.0
1473,544.0
1474,544.0
1475,544.0
1476,544.0
1477,544.0
1478,544.0
1479,544.0
1480,544.0
1481,544.0
1482,544.0
1483,544.0
1484,544.0
1485,544.0
1486,544.0
1487,544.0
1488,544.0
1489,544.0
1490,544.0
1491,544.0
1492,544.0
1493,544.0
1494,544.0
1495,544.0
1496,544.0
1497,544.0
1498,544.0
1499,544.0
1500,544.0
1501,856.0
1502,856.0
1503,856.0
1504,856.0
1505,856.0
1506,856.0
1507,856.0
1508,856.0
1509,856.0
1510,856.0
1511,856.0
1512,856.0
1513,856.0
1514,856.0
1515,856.0
1516,856.0
1517,856.0
1518,856.0
1519,856.0
1520,856.0
1521,856.0
1522,856.0
1523,856.0
1524,856.0
1525,856.0
1526,856.0
1527,856.0
1528,856.0
1529,789.0
1530,789.0
1531,789.0
1532,789.0
1533,789.0
1534,789.0
1535,789.0
1536,789.0
1537,789.0
1538,789.0
1539,789.0
1540,789.0
1541,789.0
1542,789.0
1543,789.0
1544,789.0
1545,789.0
1546,916.0
1547,916.0
1548,916.0
1549,916.0
1550,916.0
1551,916.0
1552,916.0
1553,916.0
1554,916.0
1555,916.0
1556,916.0
1557,916.0
1558,916.0
1559,916.0
1560,916.0
1561,916.0
1562,916.0
1563,916.0
1564,916.0
1565,916.0
1566,916.0
1567,916.0
1568,916.0
1569,916.0
1570,916.0
1571,916.0
1572,916.0
1573,916.0
1574,916.0
1575,916.0
1576,916.0
1577,916.0
1578,916.0
1579,916.0
1580,916.0
1581,916.0
1582,769.0
1583,769.0
1584,769.0
1585,769.0
1586,769.0
1587,769.0
1588,769.0
1589,769.0
1590,769.0
1591,769.0
1592,769.0
1593,769.0
1594,769.0
1595,769.0
1596,769.0
1597,769.0
1598,769.0
1599,769.0
1600,769.0
1601,769.0
1602,769.0
1603,769.0
1604,769.0
1605,769.0
1606,769.0
1607,769.0
1608,769.0
1609,769.0
1610,769.0
1611,769.0
1612,769.0
1613,769.0
1614,769.0
1615,769.0
1616,980.0
1617,980.0
1618,980.0
1619,980.0
1620,980.0
1621,980.0
1622,980.0
1623,980.0
1624,980.0
1625,980.0
1626,980.0
1627,980.0
1628,980.0
1629,980.0
1630,980.0
1631,980.0
1632,980.0
1633,980.0
1634,980.0
1635,980.0
1636,980.0
1637,4114.0
1638,4114.0
1639,4114.0
1640,4114.0
1641,4114.0
1642,1010.0
1643,1010.0
1644,1010.0
1645,1010.0
1646,1010.0
1647,1010.0
1648,1010.0
1649,1010.0
1650,1010.0
1651,1010.0
1652,1010.0
1653,1010.0
1654,1010.0
1655,1010.0
1656,1010.0
1657,1010.0
1658,1010.0
1659,983.0
1660,983.0
1661,983.0
1662,983.0
1663,983.0
1664,983.0
1665,983.0
1666,983.0
1667,624.0
1668,624.0
1669,624.0
1670,624.0
1671,624.0
1672,624.0
1673,624.0
1674,624.0
1675,624.0
1676,624.0
1677,624.0
1678,624.0
1679,624.0
1680,624.0
1681,624.0
1682,624.0
1683,624.0
1684,624.0
1685,624.0
1686,624.0
1687,624.0
1688,624.0
1689,624.0
1690,624.0
1691,624.0
1692,624.0
1693,624.0
1694,624.0
1695,624.0
1696,624.0
1697,624.0
1698,624.0
1699,624.0
1700,624.0
1701,624.0
1702,624.0
1703,624.0
1704,624.0
1705,624.0
1706,624.0
1707,624.0
1708,624.0
1709,624.0
1710,624.0
1711,624.0
1712,624.0
1713,624.0
1714,624.0
1715,624.0
1716,624.0
1717,624.0
1718,495.0
1719,495.0
1720,495.0
1721,495.0
1722,495.0
1723,495.0
1724,495.0
1725,495.0
1726,495.0
1727,495.0
1728,495.0
1729,495.0
1730,495.0
1731,495.0
1732,495.0
1733,495.0
1734,495.0
1735,495.0
1736,495.0
1737,495.0
1738,495.0
1739,495.0
1740,495.0
1741,495.0
1742,495.0
1743,495.0
1744,495.0
1745,495.0
1746,495.0
1747,495.0
1748,495.0
1749,495.0
1750,495.0
1751,495.0
1752,495.0
1753,495.0
1754,495.0
1755,495.0
1756,495.0
1757,495.0
1758,495.0
1759,495.0
1760,495.0
1761,495.0
1762,495.0
1763,495.0
1764,495.0
1765,495.0
1766,600.0
1767,600.0
1768,600.0
1769,600.0
1770,600.0
1771,600.0
1772,600.0
1773,600.0
1774,600.0
1775,600.0
1776,600.0
1777,600.0
1778,600.0
1779,600.0
1780,600.0
1781,600.0
1782,600.0
1783,600.0
1784,600.0
1785,600.0
1786,600.0
1787,600.0
1788,600.0
1789,600.0
1790,600.0
1791,600.0
1792,600.0
1793,600.0
1794,600.0
1795,600.0
1796,600.0
1797,600.0
1798,1678.0
1799,1678.0
1800,1124.0
1801,1124.0
1802,1124.0
1803,1124.0
1804,1124.0
1805,1124.0
1806,1124.0
1807,1124.0
1808,1124.0
1809,1124.0
1810,1124.0
1811,1124.0
1812,1124.0
1813,1124.0
1814,1124.0
1815,1124.0
1816,1124.0
1817,1383.0
1818,1383.0
1819,1383.0
1820,1383.0
1821,1002.0
1822,1002.0
1823,1002.0
1824,1002.0
1825,1002.0
1826,1002.0
1827,1002.0
1828,1002.0
1829,1002.0
1830,1002.0
1831,1130.0
1832,1130.0
1833,1130.0
1834,1130.0
1835,1130.0
1836,1130.0
1837,1130.0
1838,1130.0
1839,1130.0
1840,1130.0
1841,1271.0
1842,1271.0
1843,1271.0
1844,1271.0
1845,1271.0
1846,1271.0
1847,1271.0
1848,1271.0
1849,1271.0
1850,1137.0
1851,1137.0
1852,1137.0
1853,1137.0
1854,1137.0
1855,1400.0
1856,1400.0
1857,1400.0
1858,1400.0
1859,1400.0
1860,1400.0
1861,1400.0
1862,1400.0
1863,1400.0
1864,1400.0
1865,1400.0
1866,1400.0
1867,1400.0
1868,1400.0
1869,1400.0
1870,1400.0
1871,1400.0
1872,1400.0
1873,1400.0
1874,1400.0
1875,1400.0
1876,1400.0
1877,1400.0
1878,1400.0
1879,1461.0
1880,1461.0
1881,1461.0
1882,1461.0
1883,1461.0
1884,1461.0
1885,1461.0
1886,1461.0
1887,1461.0
1888,1461.0
1889,1461.0
1890,1461.0
1891,1461.0
1892,1461.0
1893,1461.0
1894,1461.0
1895,1461.0
1896,985.0
1897,985.0
1898,985.0
1899,985.0
1900,985.0
1901,985.0
1902,985.0
1903,985.0
1904,985.0
1905,985.0
1906,985.0
1907,985.0
1908,985.0
1909,985.0
1910,776.0
1911,776.0
1912,776.0
1913,776.0
1914,776.0
1915,776.0
1916,776.0
1917,776.0
1918,776.0
1919,776.0
1920,776.0
1921,776.0
1922,776.0
1923,776.0
1924,776.0
1925,776.0
1926,776.0
1927,776.0
1928,776.0
1929,776.0
1930,765.0
1931,765.0
1932,765.0
1933,765.0
1934,765.0
1935,765.0
1936,765.0
1937,765.0
1938,765.0
1939,765.0
1940,765.0
1941,765.0
1942,765.0
1943,765.0
1944,765.0
1945,765.0
1946,765.0
1947,765.0
1948,765.0
1949,765.0
1950,765.0
1951,765.0
1952,765.0
1953,765.0
1954,2825.0
1955,2825.0
1956,1277.0
1957,1277.0
1958,1277.0
1959,1277.0
1960,1277.0
1961,1277.0
1962,1277.0
1963,1277.0
1964,1277.0
1965,1277.0
1966,1277.0
1967,1277.0
1968,1277.0
1969,1277.0
1970,1277.0
1971,1277.0
1972,1277.0
1973,1277.0
1974,1277.0
1975,1277.0
1976,1277.0
1977,1277.0
1978,1277.0
1979,1277.0
1980,1277.0
1981,1277.0
1982,1277.0
1983,2995.0
1984,2995.0
1985,2995.0
1986,2995.0
1987,2995.0
1988,2995.0
1989,2995.0
1990,2995.0
1991,2995.0
1992,2995.0
1993,2369.0
1994,2369.0
1995,2369.0
1996,2369.0
1997,2369.0
1998,2369.0
1999,2369.0
2000,1248.0
2001,1248.0
2002,1248.0
2003,1248.0
2004,1248.0
2005,1248.0
2006,1248.0
2007,1248.0
2008,1248.0
2009,1248.0
2010,1248.0
2011,1301.0
2012,1301.0
2013,1301.0
2014,1301.0
2015,1301.0
2016,1301.0
2017,1301.0
2018,1301.0
2019,1301.0
2020,1301.0
2021,1301.0
2022,1301.0
2023,1451.0
2024,1451.0
2025,1451.0
2026,1451.0
2027,1451.0
2028,1451.0
2029,1451.0
2030,1451.0
2031,1451.0
2032,1451.0
2033,1881.0
2034,1881.0
2035,1881.0
2036,1881.0
2037,1881.0
2038,1881.0
2039,1881.0
2040,1881.0
2041,1641.0
2042,1641.0
2043,1641.0
2044,1641.0
2045,673.0
2046,673.0
2047,673.0
2048,673.0
2049,673.0
2050,673.0
2051,673.0
2052,673.0
2053,673.0
2054,1001.0
2055,1001.0
2056,1001.0
2057,1001.0
2058,1001.0
2059,1001.0
2060,1001.0
2061,1001.0
2062,1001.0
2063,1001.0
2064,2548.0
2065,3060.0
2066,727.0
2067,727.0
2068,727.0
2069,943.0
2070,2180.0
2071,2180.0
2072,2180.0
2073,2180.0
2074,2180.0
2075,2180.0
2076,2180.0
2077,5585.0
2078,5585.0
2079,4555.0
2080,1304.0
2081,1304.0
2082,1304.0
2083,1656.0
2084,1656.0
2085,1656.0
2086,715.0
2087,1508.0
2088,1508.0
2089,1508.0
2090,1508.0
2091,1508.0
2092,1508.0
2093,3530.0
2094,3530.0
2095,3530.0
2096,3530.0
2097,5170.0
2098,1300.0
2099,1300.0
2100,1300.0
2101,1300.0
2102,1595.0
2103,1595.0
2104,1595.0
2105,3053.0
2106,310.0
2107,310.0
2108,310.0
2109,950.0
2110,950.0
2111,2670.0
2112,2670.0
2113,2670.0
2114,736.0
2115,736.0
2116,736.0
2117,736.0
2118,736.0
2119,736.0
2120,736.0
2121,736.0
2122,736.0
2123,736.0
2124,736.0
2125,736.0
2126,736.0
2127,736.0
2128,736.0
2129,736.0
2130,736.0
2131,736.0
2132,1745.0
2133,1745.0
2134,1745.0
2135,777.0
2136,777.0
2137,777.0
2138,777.0
2139,777.0
2140,777.0
2141,777.0
2142,777.0
2143,777.0
2144,777.0
2145,777.0
2146,777.0
2147,777.0
2148,777.0
2149,777.0
2150,777.0
2151,777.0
2152,777.0
2153,777.0
2154,777.0
2155,777.0
2156,777.0
2157,777.0
2158,777.0
2159,777.0
2160,772.0
2161,772.0
2162,772.0
2163,772.0
2164,772.0
2165,772.0
2166,772.0
2167,772.0
2168,772.0
2169,772.0
2170,772.0
2171,772.0
2172,772.0
2173,772.0
2174,772.0
2175,772.0
2176,772.0
2177,772.0
2178,772.0
2179,772.0
2180,772.0
2181,772.0
2182,772.0
2183,1673.0
2184,1673.0
2185,1673.0
2186,1673.0
2187,1673.0
2188,1673.0
2189,3078.0
2190,3078.0
2191,2487.0
2192,2487.0
2193,2487.0
2194,494.0
2195,494.0
2196,494.0
2197,494.0
2198,494.0
2199,494.0
2200,494.0
2201,494.0
2202,714.0
2203,714.0
2204,714.0
2205,714.0
2206,714.0
2207,714.0
2208,714.0
2209,714.0
2210,714.0
2211,714.0
2212,714.0
2213,714.0
2214,714.0
2215,714.0
2216,714.0
2217,714.0
2218,625.0
2219,625.0
2220,625.0
2221,625.0
2222,625.0
2223,625.0
2224,625.0
2225,625.0
2226,625.0
2227,625.0
2228,625.0
2229,625.0
2230,625.0
2231,625.0
2232,625.0
2233,625.0
2234,790.0
2235,790.0
2236,790.0
2237,790.0
2238,790.0
2239,790.0
2240,790.0
2241,790.0
2242,790.0
2243,790.0
2244,1411.0
2245,1411.0
2246,1411.0
2247,1411.0
2248,1411.0
2249,995.0
2250,995.0
2251,995.0
2252,995.0
2253,995.0
2254,995.0
2255,995.0
2256,995.0
2257,995.0
2258,995.0
2259,995.0
2260,995.0
2261,995.0
2262,994.0
2263,994.0
2264,994.0
2265,994.0
2266,994.0
2267,994.0
2268,994.0
2269,1720.0
2270,1720.0
2271,1720.0
2272,1720.0
2273,1720.0
2274,1720.0
2275,1720.0
2276,1720.0
2277,1720.0
2278,670.0
2279,670.0
2280,670.0
2281,670.0
2282,670.0
2283,670.0
2284,670.0
2285,670.0
2286,670.0
2287,670.0
2288,670.0
2289,670.0
2290,670.0
2291,670.0
2292,670.0
2293,670.0
2294,670.0
2295,670.0
2296,670.0
2297,1156.0
2298,1156.0
2299,1156.0
2300,1156.0
2301,1156.0
2302,1156.0
2303,1156.0
2304,1156.0
2305,1156.0
2306,1156.0
2307,4590.0
2308,4590.0
2309,841.0
2310,841.0
2311,841.0
2312,841.0
2313,841.0
2314,841.0
2315,841.0
2316,841.0
2317,841.0
2318,841.0
2319,841.0
2320,841.0
2321,841.0
2322,2165.0
2323,2165.0
2324,499.0
2325,499.0
2326,499.0
2327,499.0
2328,499.0
2329,499.0
2330,499.0
2331,499.0
2332,499.0
2333,499.0
2334,499.0
2335,499.0
2336,499.0
2337,499.0
2338,499.0
2339,499.0
2340,499.0
2341,499.0
2342,499.0
2343,499.0
2344,499.0
2345,499.0
2346,499.0
2347,499.0
2348,499.0
2349,353.0
2350,353.0
2351,353.0
2352,353.0
2353,353.0
2354,353.0
2355,353.0
2356,353.0
2357,353.0
2358,353.0
2359,353.0
2360,353.0
2361,353.0
2362,353.0
2363,353.0
2364,353.0
2365,353.0
2366,353.0
2367,353.0
2368,353.0
2369,353.0
2370,353.0
2371,353.0
2372,353.0
2373,353.0
2374,353.0
2375,756.0
2376,756.0
2377,756.0
2378,756.0
2379,756.0
2380,756.0
2381,756.0
2382,756.0
2383,756.0
2384,756.0
2385,756.0
2386,756.0
2387,756.0
2388,756.0
2389,943.0
2390,943.0
2391,943.0
2392,1185.0
2393,1185.0
2394,1185.0
2395,1185.0
2396,1185.0
2397,1185.0
2398,1185.0
2399,1185.0
2400,1185.0
2401,1185.0
2402,1185.0
2403,6510.0
2404,1194.0
2405,1194.0
2406,1194.0
2407,1194.0
2408,1194.0
2409,1194.0
2410,1194.0
2411,916.0
2412,916.0
2413,916.0
2414,916.0
2415,916.0
2416,916.0
2417,916.0
2418,916.0
2419,916.0
2420,1353.0
2421,1353.0
2422,1353.0
2423,1353.0
2424,1353.0
2425,1353.0
2426,2605.0
2427,1051.0
2428,1051.0
2429,1051.0
2430,1051.0
2431,1051.0
2432,1051.0
2433,1051.0
2434,1051.0
2435,1051.0
2436,1051.0
2437,1051.0
2438,1051.0
2439,1051.0
2440,1051.0
2441,1698.0
2442,1698.0
2443,1698.0
2444,1698.0
2445,1698.0
2446,1698.0
2447,1698.0
2448,809.0
2449,809.0
2450,809.0
2451,809.0
2452,809.0
2453,809.0
2454,809.0
2455,809.0
2456,809.0
2457,809.0
2458,986.0
2459,986.0
2460,986.0
2461,986.0
2462,986.0
2463,986.0
2464,986.0
2465,859.0
2466,859.0
2467,859.0
2468,859.0
2469,859.0
2470,859.0
2471,859.0
2472,859.0
2473,859.0
2474,1137.0
2475,1137.0
2476,1137.0
2477,1137.0
2478,1137.0
2479,1137.0
2480,1137.0
2481,1137.0
2482,1137.0
2483,1137.0
2484,1137.0
2485,1137.0
2486,1137.0
2487,1137.0
2488,1137.0
2489,1485.0
2490,1485.0
2491,1485.0
2492,1485.0
2493,1485.0
2494,1485.0
2495,1485.0
2496,1485.0
2497,1485.0
2498,1485.0
2499,1485.0
2500,1119.0
2501,1119.0
2502,1119.0
2503,587.0
2504,587.0
2505,587.0
2506,587.0
2507,587.0
2508,587.0
2509,587.0
2510,587.0
2511,587.0
2512,808.0
2513,808.0
2514,808.0
2515,808.0
2516,808.0
2517,808.0
2518,808.0
2519,808.0
2520,808.0
2521,808.0
2522,750.0
2523,916.0
2524,916.0
2525,916.0
2526,916.0
2527,1320.0
2528,1320.0
2529,1320.0
2530,1320.0
2531,1320.0
2532,1320.0
2533,2100.0
2534,462.0
2535,462.0
2536,462.0
2537,462.0
2538,462.0
2539,462.0
2540,454.0
2541,454.0
2542,454.0
2543,454.0
2544,454.0
2545,454.0
2546,454.0
2547,2685.0
2548,9615.0
2549,6860.0
2550,2380.0
2551,1560.0
2552,1514.0
2553,1514.0
2554,1514.0
2555,1514.0
2556,1326.0
2557,1326.0
2558,1326.0
2559,1326.0
2560,1535.0
2561,1535.0
2562,1535.0
2563,1535.0
2564,609.0
2565,609.0
2566,609.0
2567,609.0
2568,1753.0
2569,1665.0
2570,750.0
2571,2700.0
2572,2700.0
2573,2700.0
2574,2700.0
2575,2700.0
2576,2700.0
2577,2700.0
2578,2700.0
2579,2700.0
2580,2700.0
2581,2700.0
2582,2700.0
2583,2700.0
2584,2700.0
2585,2700.0
2586,2700.0
2587,2700.0
2588,2700.0
2589,730.0
2590,730.0
2591,730.0
2592,730.0
2593,730.0
2594,730.0
2595,730.0
2596,730.0
2597,730.0
2598,730.0
2599,730.0
2600,730.0
2601,730.0
2602,730.0
2603,730.0
2604,730.0
2605,730.0
2606,730.0
2607,730.0
2608,730.0
2609,730.0
2610,730.0
2611,730.0
2612,730.0
2613,730.0
2614,730.0
2615,730.0
2616,730.0
2617,730.0
2618,730.0
2619,730.0
2620,730.0
2621,730.0
2622,730.0
2623,730.0
2624,730.0
2625,730.0
2626,730.0
2627,730.0
2628,730.0
2629,730.0
2630,730.0
2631,730.0
2632,730.0
2633,730.0
2634,730.0
2635,730.0
2636,730.0
2637,730.0
2638,730.0
2639,730.0
2640,730.0
2641,730.0
2642,730.0
2643,730.0
2644,730.0
2645,730.0
2646,730.0
2647,730.0
2648,730.0
2649,730.0
2650,730.0
2651,730.0
2652,730.0
2653,730.0
2654,730.0
2655,730.0
2656,730.0
2657,730.0
2658,730.0
2659,730.0
2660,730.0
2661,730.0
2662,730.0
2663,730.0
2664,730.0
2665,730.0
2666,730.0
2667,730.0
2668,730.0
2669,730.0
2670,730.0
2671,730.0
2672,730.0
2673,730.0
2674,730.0
2675,730.0
2676,730.0
2677,1011.0
2678,1011.0
2679,1011.0
2680,1011.0
2681,1011.0
2682,1011.0
2683,1011.0
2684,1011.0
2685,1011.0
2686,1011.0
2687,1011.0
2688,1011.0
2689,1011.0
2690,1011.0
2691,1011.0
2692,1011.0
2693,1011.0
2694,1011.0
2695,1011.0
2696,1011.0
2697,1011.0
2698,1011.0
2699,1011.0
2700,1011.0
2701,799.0
2702,799.0
2703,799.0
2704,799.0
2705,799.0
2706,799.0
2707,799.0
2708,799.0
2709,799.0
2710,799.0
2711,799.0
2712,799.0
2713,799.0
2714,799.0
2715,799.0
2716,799.0
2717,799.0
2718,799.0
2719,799.0
2720,799.0
2721,799.0
2722,799.0
2723,799.0
2724,799.0
2725,799.0
2726,799.0
2727,799.0
2728,799.0
2729,799.0
2730,799.0
2731,799.0
2732,799.0
2733,799.0
2734,799.0
2735,799.0
2736,799.0
2737,799.0
2738,799.0
2739,799.0
2740,799.0
2741,799.0
2742,799.0
2743,799.0
2744,799.0
2745,799.0
2746,799.0
2747,799.0
2748,799.0
2749,799.0
2750,799.0
2751,799.0
2752,799.0
2753,799.0
2754,799.0
2755,799.0
2756,799.0
2757,799.0
2758,799.0
2759,799.0
2760,799.0
2761,799.0
2762,799.0
2763,799.0
2764,799.0
2765,799.0
2766,799.0
2767,799.0
2768,799.0
2769,799.0
2770,799.0
2771,799.0
2772,799.0
2773,799.0
2774,799.0
2775,799.0
2776,799.0
2777,799.0
2778,799.0
2779,799.0
2780,799.0
2781,799.0
2782,799.0
2783,799.0
2784,799.0
2785,799.0
2786,799.0
2787,799.0
2788,799.0
2789,799.0
2790,799.0
2791,799.0
2792,799.0
2793,799.0
2794,799.0
2795,799.0
2796,799.0
2797,799.0
2798,799.0
2799,799.0
2800,799.0
2801,799.0
2802,799.0
2803,799.0
2804,799.0
2805,799.0
2806,799.0
2807,799.0
2808,799.0
2809,799.0
2810,799.0
2811,799.0
2812,799.0
2813,799.0
2814,799.0
2815,799.0
2816,799.0
2817,799.0
2818,799.0
2819,799.0
2820,799.0
2821,799.0
2822,799.0
2823,799.0
2824,799.0
2825,649.0
2826,649.0
2827,649.0
2828,649.0
2829,649.0
2830,649.0
2831,649.0
2832,649.0
2833,649.0
2834,649.0
2835,649.0
2836,649.0
2837,649.0
2838,649.0
2839,649.0
2840,649.0
2841,649.0
2842,649.0
2843,649.0
2844,649.0
2845,649.0
2846,649.0
2847,649.0
2848,649.0
2849,649.0
2850,649.0
2851,649.0
2852,649.0
2853,649.0
2854,649.0
2855,649.0
2856,649.0
2857,649.0
2858,649.0
2859,649.0
2860,649.0
2861,649.0
2862,649.0
2863,649.0
2864,649.0
2865,649.0
2866,649.0
2867,649.0
2868,649.0
2869,649.0
2870,649.0
2871,649.0
2872,649.0
2873,649.0
2874,649.0
2875,649.0
2876,649.0
2877,649.0
2878,649.0
2879,649.0
2880,649.0
2881,649.0
2882,649.0
2883,649.0
2884,649.0
2885,649.0
2886,649.0
2887,649.0
2888,649.0
2889,649.0
2890,649.0
2891,649.0
2892,649.0
2893,649.0
2894,649.0
2895,649.0
2896,649.0
2897,649.0
2898,649.0
2899,649.0
2900,649.0
2901,649.0
2902,649.0
2903,649.0
2904,649.0
2905,649.0
2906,649.0
2907,649.0
2908,649.0
2909,649.0
2910,649.0
2911,649.0
2912,649.0
2913,649.0
2914,649.0
2915,649.0
2916,649.0
2917,649.0
2918,649.0
2919,649.0
2920,649.0
2921,649.0
2922,649.0
2923,649.0
2924,649.0
2925,649.0
2926,649.0
2927,649.0
2928,649.0
2929,649.0
2930,649.0
2931,649.0
2932,649.0
2933,649.0
2934,649.0
2935,649.0
2936,649.0
2937,649.0
2938,649.0
2939,649.0
2940,649.0
2941,649.0
2942,649.0
2943,649.0
2944,649.0
2945,649.0
2946,649.0
2947,649.0
2948,649.0
2949,649.0
2950,649.0
2951,649.0
2952,748.0
2953,748.0
2954,748.0
2955,748.0
2956,748.0
2957,748.0
2958,748.0
2959,748.0
2960,748.0
2961,748.0
2962,748.0
2963,748.0
2964,748.0
2965,748.0
2966,748.0
2967,748.0
2968,748.0
2969,748.0
2970,748.0
2971,748.0
2972,748.0
2973,748.0
2974,748.0
2975,748.0
2976,748.0
2977,748.0
2978,748.0
2979,748.0
2980,748.0
2981,748.0
2982,748.0
2983,748.0
2984,748.0
2985,748.0
2986,748.0
2987,748.0
2988,748.0
2989,748.0
2990,748.0
2991,748.0
2992,748.0
2993,748.0
2994,748.0
2995,748.0
2996,748.0
2997,748.0
2998,748.0
2999,748.0
3000,748.0
3001,748.0
3002,748.0
3003,748.0
3004,748.0
3005,748.0
3006,748.0
3007,748.0
3008,748.0
3009,748.0
3010,748.0
3011,748.0
3012,748.0
3013,748.0
3014,748.0
3015,748.0
3016,748.0
3017,748.0
3018,748.0
3019,748.0
3020,748.0
3021,748.0
3022,748.0
3023,748.0
3024,748.0
3025,748.0
3026,748.0
3027,748.0
3028,748.0
3029,748.0
3030,748.0
3031,748.0
3032,748.0
3033,3413.0
3034,3413.0
3035,3413.0
3036,3413.0
3037,3413.0
3038,3413.0
3039,3413.0
3040,3413.0
3041,3413.0
3042,3413.0
3043,3413.0
3044,664.0
3045,664.0
3046,664.0
3047,664.0
3048,664.0
3049,664.0
3050,664.0
3051,664.0
3052,664.0
3053,664.0
3054,664.0
3055,664.0
3056,664.0
3057,664.0
3058,664.0
3059,664.0
3060,664.0
3061,664.0
3062,664.0
3063,664.0
3064,664.0
3065,664.0
3066,664.0
3067,664.0
3068,664.0
3069,664.0
3070,664.0
3071,664.0
3072,664.0
3073,664.0
3074,664.0
3075,664.0
3076,664.0
3077,664.0
3078,664.0
3079,664.0
3080,664.0
3081,664.0
3082,664.0
3083,664.0
3084,664.0
3085,664.0
3086,664.0
3087,664.0
3088,664.0
3089,664.0
3090,664.0
3091,664.0
3092,664.0
3093,664.0
3094,664.0
3095,664.0
3096,664.0
3097,664.0
3098,664.0
3099,664.0
3100,664.0
3101,664.0
3102,664.0
3103,664.0
3104,664.0
3105,694.0
3106,694.0
3107,694.0
3108,694.0
3109,694.0
3110,694.0
3111,694.0
3112,694.0
3113,694.0
3114,694.0
3115,694.0
3116,694.0
3117,694.0
3118,694.0
3119,694.0
3120,694.0
3121,694.0
3122,694.0
3123,694.0
3124,694.0
3125,694.0
3126,694.0
3127,694.0
3128,694.0
3129,694.0
3130,694.0
3131,694.0
3132,694.0
3133,694.0
3134,694.0
3135,694.0
3136,694.0
3137,841.0
3138,841.0
3139,841.0
3140,841.0
3141,841.0
3142,841.0
3143,841.0
3144,841.0
3145,841.0
3146,841.0
3147,841.0
3148,841.0
3149,841.0
3150,841.0
3151,841.0
3152,841.0
3153,841.0
3154,841.0
3155,841.0
3156,841.0
3157,841.0
3158,841.0
3159,841.0
3160,841.0
3161,841.0
3162,841.0
3163,841.0
3164,841.0
3165,841.0
3166,841.0
3167,841.0
3168,841.0
3169,841.0
3170,841.0
3171,841.0
3172,841.0
3173,841.0
3174,841.0
3175,841.0
3176,841.0
3177,841.0
3178,841.0
3179,841.0
3180,841.0
3181,841.0
3182,841.0
3183,841.0
3184,841.0
3185,841.0
3186,841.0
3187,841.0
3188,841.0
3189,841.0
3190,841.0
3191,841.0
3192,841.0
3193,841.0
3194,841.0
3195,841.0
3196,841.0
3197,841.0
3198,841.0
3199,841.0
3200,841.0
3201,841.0
3202,841.0
3203,841.0
3204,841.0
3205,841.0
3206,841.0
3207,841.0
3208,841.0
3209,841.0
3210,841.0
3211,841.0
3212,841.0
3213,841.0
3214,841.0
3215,841.0
3216,539.0
3217,539.0
3218,539.0
3219,539.0
3220,539.0
3221,539.0
3222,539.0
3223,539.0
3224,539.0
3225,539.0
3226,539.0
3227,539.0
3228,539.0
3229,539.0
3230,539.0
3231,539.0
3232,539.0
3233,539.0
3234,539.0
3235,539.0
3236,539.0
3237,539.0
3238,539.0
3239,539.0
3240,539.0
3241,539.0
3242,539.0
3243,539.0
3244,539.0
3245,539.0
3246,539.0
3247,539.0
3248,539.0
3249,539.0
3250,539.0
3251,539.0
3252,539.0
3253,539.0
3254,539.0
3255,539.0
3256,539.0
3257,539.0
3258,539.0
3259,539.0
3260,539.0
3261,539.0
3262,539.0
3263,539.0
3264,539.0
3265,539.0
3266,539.0
3267,539.0
3268,539.0
3269,539.0
3270,539.0
3271,539.0
3272,539.0
3273,539.0
3274,539.0
3275,539.0
3276,539.0
3277,539.0
3278,539.0
3279,539.0
3280,539.0
3281,539.0
3282,539.0
3283,539.0
3284,539.0
3285,539.0
3286,539.0
3287,539.0
3288,539.0
3289,539.0
3290,539.0
3291,539.0
3292,539.0
3293,539.0
3294,539.0
3295,539.0
3296,539.0
3297,539.0
3298,539.0
3299,539.0
3300,539.0
3301,539.0
3302,539.0
3303,539.0
3304,539.0
3305,539.0
3306,539.0
3307,539.0
3308,539.0
3309,627.0
3310,627.0
3311,627.0
3312,627.0
3313,627.0
3314,627.0
3315,627.0
3316,627.0
3317,627.0
3318,627.0
3319,627.0
3320,627.0
3321,627.0
3322,627.0
3323,627.0
3324,627.0
3325,627.0
3326,627.0
3327,627.0
3328,627.0
3329,627.0
3330,627.0
3331,627.0
3332,627.0
3333,627.0
3334,627.0
3335,627.0
3336,627.0
3337,627.0
3338,627.0
3339,627.0
3340,627.0
3341,627.0
3342,627.0
3343,627.0
3344,627.0
3345,627.0
3346,627.0
3347,627.0
3348,627.0
3349,627.0
3350,627.0
3351,627.0
3352,627.0
3353,627.0
3354,627.0
3355,627.0
3356,627.0
3357,627.0
3358,627.0
3359,627.0
3360,627.0
3361,627.0
3362,627.0
3363,627.0
3364,627.0
3365,627.0
3366,627.0
3367,627.0
3368,627.0
3369,627.0
3370,627.0
3371,627.0
3372,627.0
3373,627.0
3374,627.0
3375,627.0
3376,627.0
3377,627.0
3378,6020.0
3379,6020.0
3380,6020.0
3381,6020.0
3382,6020.0
3383,6020.0
3384,6020.0
3385,6020.0
3386,6020.0
3387,6020.0
3388,6020.0
3389,813.0
3390,813.0
3391,813.0
3392,813.0
3393,813.0
3394,813.0
3395,813.0
3396,813.0
3397,813.0
3398,813.0
3399,813.0
3400,813.0
3401,813.0
3402,813.0
3403,813.0
3404,813.0
3405,813.0
3406,813.0
3407,813.0
3408,813.0
3409,813.0
3410,813.0
3411,813.0
3412,813.0
3413,813.0
3414,813.0
3415,813.0
3416,813.0
3417,813.0
3418,813.0
3419,813.0
3420,813.0
3421,813.0
3422,813.0
3423,813.0
3424,813.0
3425,813.0
3426,813.0
3427,813.0
3428,813.0
3429,813.0
3430,813.0
3431,813.0
3432,813.0
3433,813.0
3434,813.0
3435,813.0
3436,813.0
3437,813.0
3438,813.0
3439,813.0
3440,813.0
3441,813.0
3442,813.0
3443,813.0
3444,813.0
3445,813.0
3446,813.0
3447,813.0
3448,813.0
3449,813.0
3450,813.0
3451,813.0
3452,813.0
3453,813.0
3454,813.0
3455,813.0
3456,813.0
3457,813.0
3458,772.0
3459,772.0
3460,772.0
3461,772.0
3462,772.0
3463,772.0
3464,772.0
3465,772.0
3466,772.0
3467,772.0
3468,772.0
3469,772.0
3470,772.0
3471,772.0
3472,772.0
3473,772.0
3474,772.0
3475,772.0
3476,772.0
3477,772.0
3478,772.0
3479,772.0
3480,772.0
3481,772.0
3482,772.0
3483,772.0
3484,772.0
3485,772.0
3486,772.0
3487,772.0
3488,772.0
3489,772.0
3490,772.0
3491,772.0
3492,772.0
3493,772.0
3494,772.0
3495,772.0
3496,772.0
3497,772.0
3498,772.0
3499,852.0
3500,852.0
3501,852.0
3502,852.0
3503,852.0
3504,852.0
3505,852.0
3506,852.0
3507,852.0
3508,852.0
3509,852.0
3510,852.0
3511,852.0
3512,852.0
3513,852.0
3514,852.0
3515,852.0
3516,852.0
3517,852.0
3518,852.0
3519,852.0
3520,852.0
3521,852.0
3522,852.0
3523,852.0
3524,852.0
3525,852.0
3526,852.0
3527,852.0
3528,852.0
3529,852.0
3530,852.0
3531,852.0
3532,852.0
3533,852.0
3534,852.0
3535,852.0
3536,852.0
3537,852.0
3538,852.0
3539,852.0
3540,852.0
3541,852.0
3542,852.0
3543,852.0
3544,852.0
3545,852.0
3546,852.0
3547,852.0
3548,852.0
3549,852.0
3550,852.0
3551,852.0
3552,852.0
3553,852.0
3554,852.0
3555,852.0
3556,852.0
3557,852.0
3558,852.0
3559,852.0
3560,852.0
3561,852.0
3562,852.0
3563,852.0
3564,852.0
3565,852.0
3566,852.0
3567,852.0
3568,852.0
3569,852.0
3570,852.0
3571,852.0
3572,852.0
3573,852.0
3574,852.0
3575,852.0
3576,852.0
3577,852.0
3578,852.0
3579,852.0
3580,852.0
3581,852.0
3582,852.0
3583,852.0
3584,852.0
3585,852.0
3586,852.0
3587,852.0
3588,852.0
3589,852.0
3590,852.0
3591,852.0
3592,852.0
3593,852.0
3594,852.0
3595,852.0
3596,852.0
3597,728.0
3598,728.0
3599,728.0
3600,728.0
3601,728.0
3602,728.0
3603,728.0
3604,728.0
3605,728.0
3606,728.0
3607,728.0
3608,728.0
3609,728.0
3610,728.0
3611,728.0
3612,728.0
3613,728.0
3614,728.0
3615,728.0
3616,728.0
3617,728.0
3618,728.0
3619,728.0
3620,728.0
3621,728.0
3622,728.0
3623,728.0
3624,728.0
3625,728.0
3626,728.0
3627,728.0
3628,728.0
3629,728.0
3630,728.0
3631,728.0
3632,728.0
3633,728.0
3634,728.0
3635,728.0
3636,728.0
3637,728.0
3638,728.0
3639,728.0
3640,728.0
3641,728.0
3642,728.0
3643,728.0
3644,728.0
3645,728.0
3646,728.0
3647,728.0
3648,728.0
3649,728.0
3650,728.0
3651,728.0
3652,728.0
3653,728.0
3654,728.0
3655,728.0
3656,728.0
3657,728.0
3658,728.0
3659,728.0
3660,728.0
3661,728.0
3662,728.0
3663,728.0
3664,728.0
3665,728.0
3666,728.0
3667,728.0
3668,728.0
3669,728.0
3670,728.0
3671,728.0
3672,728.0
3673,728.0
3674,728.0
3675,728.0
3676,728.0
3677,728.0
3678,728.0
3679,728.0
3680,728.0
3681,728.0
3682,728.0
3683,728.0
3684,728.0
3685,728.0
3686,728.0
3687,728.0
3688,812.0
3689,812.0
3690,812.0
3691,812.0
3692,812.0
3693,812.0
3694,812.0
3695,812.0
3696,812.0
3697,812.0
3698,812.0
3699,812.0
3700,812.0
3701,812.0
3702,812.0
3703,812.0
3704,812.0
3705,812.0
3706,812.0
3707,812.0
3708,812.0
3709,812.0
3710,812.0
3711,812.0
3712,812.0
3713,812.0
3714,812.0
3715,812.0
3716,812.0
3717,812.0
3718,812.0
3719,812.0
3720,812.0
3721,812.0
3722,812.0
3723,812.0
3724,812.0
3725,812.0
3726,812.0
3727,812.0
3728,812.0
3729,812.0
3730,812.0
3731,812.0
3732,812.0
3733,812.0
3734,812.0
3735,812.0
3736,812.0
3737,812.0
3738,812.0
3739,812.0
3740,812.0
3741,812.0
3742,812.0
3743,812.0
3744,812.0
3745,812.0
3746,812.0
3747,812.0
3748,812.0
3749,812.0
3750,812.0
3751,812.0
3752,812.0
3753,812.0
3754,812.0
3755,812.0
3756,812.0
3757,5392.0
3758,5392.0
3759,5392.0
3760,5392.0
3761,5392.0
3762,5392.0
3763,5392.0
3764,5392.0
3765,5392.0
3766,5392.0
3767,766.0
3768,766.0
3769,766.0
3770,766.0
3771,766.0
3772,766.0
3773,766.0
3774,766.0
3775,766.0
3776,766.0
3777,766.0
3778,766.0
3779,766.0
3780,766.0
3781,766.0
3782,766.0
3783,766.0
3784,766.0
3785,766.0
3786,766.0
3787,766.0
3788,766.0
3789,766.0
3790,766.0
3791,766.0
3792,766.0
3793,766.0
3794,766.0
3795,766.0
3796,766.0
3797,766.0
3798,766.0
3799,766.0
3800,766.0
3801,766.0
3802,766.0
3803,766.0
3804,766.0
3805,766.0
3806,766.0
3807,766.0
3808,766.0
3809,766.0
3810,766.0
3811,766.0
3812,766.0
3813,766.0
3814,766.0
3815,766.0
3816,766.0
3817,766.0
3818,766.0
3819,766.0
3820,766.0
3821,766.0
3822,766.0
3823,766.0
3824,766.0
3825,766.0
3826,766.0
3827,766.0
3828,766.0
3829,766.0
3830,766.0
3831,766.0
3832,766.0
3833,766.0
3834,625.0
3835,625.0
3836,625.0
3837,625.0
3838,625.0
3839,625.0
3840,625.0
3841,625.0
3842,625.0
3843,625.0
3844,625.0
3845,625.0
3846,625.0
3847,625.0
3848,625.0
3849,625.0
3850,625.0
3851,625.0
3852,625.0
3853,625.0
3854,625.0
3855,625.0
3856,625.0
3857,625.0
3858,625.0
3859,625.0
3860,625.0
3861,625.0
3862,625.0
3863,625.0
3864,625.0
3865,625.0
3866,625.0
3867,625.0
3868,625.0
3869,625.0
3870,625.0
3871,625.0
3872,625.0
3873,625.0
3874,625.0
3875,625.0
3876,625.0
3877,625.0
3878,625.0
3879,625.0
3880,625.0
3881,625.0
3882,625.0
3883,625.0
3884,625.0
3885,615.0
3886,615.0
3887,615.0
3888,615.0
3889,615.0
3890,615.0
3891,615.0
3892,615.0
3893,615.0
3894,615.0
3895,615.0
3896,615.0
3897,615.0
3898,615.0
3899,615.0
3900,615.0
3901,615.0
3902,615.0
3903,615.0
3904,615.0
3905,615.0
3906,615.0
3907,615.0
3908,615.0
3909,615.0
3910,615.0
3911,615.0
3912,615.0
3913,615.0
3914,615.0
3915,615.0
3916,615.0
3917,615.0
3918,615.0
3919,615.0
3920,615.0
3921,615.0
3922,615.0
3923,615.0
3924,615.0
3925,615.0
3926,615.0
3927,615.0
3928,615.0
3929,615.0
3930,615.0
3931,615.0
3932,615.0
3933,615.0
3934,615.0
3935,615.0
3936,615.0
3937,615.0
3938,615.0
3939,615.0
3940,615.0
3941,615.0
3942,615.0
3943,615.0
3944,615.0
3945,615.0
3946,615.0
3947,615.0
3948,615.0
3949,615.0
3950,615.0
3951,615.0
3952,615.0
3953,615.0
3954,615.0
3955,615.0
3956,615.0
3957,615.0
3958,615.0
3959,615.0
3960,615.0
3961,615.0
3962,615.0
3963,615.0
3964,615.0
3965,615.0
3966,615.0
3967,615.0
3968,615.0
3969,615.0
3970,615.0
3971,615.0
3972,615.0
3973,615.0
3974,615.0
3975,615.0
3976,615.0
3977,615.0
3978,615.0
3979,615.0
3980,615.0
3981,615.0
3982,615.0
3983,615.0
3984,615.0
3985,615.0
3986,615.0
3987,615.0
3988,615.0
3989,615.0
3990,615.0
3991,615.0
3992,615.0
3993,615.0
3994,615.0
3995,615.0
3996,615.0
3997,555.0
3998,555.0
3999,555.0
4000,555.0
4001,555.0
4002,555.0
4003,555.0
4004,555.0
4005,555.0
4006,555.0
4007,555.0
4008,555.0
4009,555.0
4010,555.0
4011,555.0
4012,555.0
4013,555.0
4014,555.0
4015,555.0
4016,555.0
4017,555.0
4018,555.0
4019,555.0
4020,555.0
4021,555.0
4022,555.0
4023,555.0
4024,555.0
4025,555.0
4026,555.0
4027,555.0
4028,555.0
4029,555.0
4030,555.0
4031,555.0
4032,555.0
4033,555.0
4034,555.0
4035,555.0
4036,555.0
4037,555.0
4038,555.0
4039,555.0
4040,555.0
4041,555.0
4042,555.0
4043,555.0
4044,555.0
4045,555.0
4046,555.0
4047,555.0
4048,555.0
4049,555.0
4050,555.0
4051,555.0
4052,555.0
4053,555.0
4054,555.0
4055,555.0
4056,555.0
4057,555.0
4058,555.0
4059,555.0
4060,555.0
4061,555.0
4062,555.0
4063,555.0
4064,555.0
4065,555.0
4066,555.0
4067,555.0
4068,555.0
4069,555.0
4070,555.0
4071,555.0
4072,555.0
4073,555.0
4074,555.0
4075,555.0
4076,555.0
4077,555.0
4078,555.0
4079,555.0
4080,555.0
4081,555.0
4082,555.0
4083,555.0
4084,555.0
4085,555.0
4086,555.0
4087,561.0
4088,561.0
4089,561.0
4090,561.0
4091,561.0
4092,561.0
4093,561.0
4094,561.0
4095,561.0
4096,561.0
4097,561.0
4098,561.0
4099,561.0
4100,561.0
4101,561.0
4102,561.0
4103,561.0
4104,561.0
4105,561.0
4106,561.0
4107,561.0
4108,561.0
4109,561.0
4110,561.0
4111,561.0
4112,561.0
4113,561.0
4114,561.0
4115,561.0
4116,561.0
4117,561.0
4118,561.0
4119,561.0
4120,561.0
4121,561.0
4122,561.0
4123,561.0
4124,561.0
4125,561.0
4126,561.0
4127,561.0
4128,561.0
4129,561.0
4130,561.0
4131,561.0
4132,561.0
4133,561.0
4134,561.0
4135,561.0
4136,561.0
4137,561.0
4138,561.0
4139,561.0
4140,561.0
4141,561.0
4142,561.0
4143,561.0
4144,561.0
4145,561.0
4146,561.0
4147,561.0
4148,561.0
4149,561.0
4150,561.0
4151,561.0
4152,561.0
4153,561.0
4154,561.0
4155,561.0
4156,561.0
4157,561.0
4158,561.0
4159,561.0
4160,1602.0
4161,1602.0
4162,1602.0
4163,1602.0
4164,1602.0
4165,1125.0
4166,1125.0
4167,1125.0
4168,1125.0
4169,1125.0
4170,1125.0
4171,1125.0
4172,1125.0
4173,1125.0
4174,1125.0
4175,1125.0
4176,1125.0
4177,1125.0
4178,1125.0
4179,1125.0
4180,1125.0
4181,1125.0
4182,1125.0
4183,1125.0
4184,1125.0
4185,1125.0
4186,1125.0
4187,1125.0
4188,1125.0
4189,1125.0
4190,1125.0
4191,1125.0
4192,1125.0
4193,1125.0
4194,1125.0
4195,1125.0
4196,1125.0
4197,1125.0
4198,1125.0
4199,1125.0
4200,1125.0
4201,1125.0
4202,1125.0
4203,1125.0
4204,1125.0
4205,772.0
4206,772.0
4207,772.0
4208,772.0
4209,772.0
4210,772.0
4211,772.0
4212,772.0
4213,772.0
4214,772.0
4215,772.0
4216,772.0
4217,772.0
4218,772.0
4219,772.0
4220,772.0
4221,772.0
4222,772.0
4223,772.0
4224,772.0
4225,772.0
4226,772.0
4227,772.0
4228,772.0
4229,772.0
4230,772.0
4231,888.0
4232,888.0
4233,888.0
4234,888.0
4235,888.0
4236,888.0
4237,888.0
4238,888.0
4239,888.0
4240,888.0
4241,888.0
4242,888.0
4243,888.0
4244,888.0
4245,888.0
4246,888.0
4247,888.0
4248,888.0
4249,888.0
4250,888.0
4251,888.0
4252,888.0
4253,888.0
4254,888.0
4255,888.0
4256,888.0
4257,888.0
4258,888.0
4259,888.0
4260,888.0
4261,888.0
4262,888.0
4263,888.0
4264,888.0
4265,888.0
4266,821.0
4267,821.0
4268,821.0
4269,821.0
4270,821.0
4271,821.0
4272,821.0
4273,821.0
4274,821.0
4275,821.0
4276,821.0
4277,821.0
4278,821.0
4279,821.0
4280,821.0
4281,821.0
4282,821.0
4283,821.0
4284,821.0
4285,821.0
4286,821.0
4287,821.0
4288,821.0
4289,821.0
4290,821.0
4291,821.0
4292,821.0
4293,821.0
4294,821.0
4295,821.0
4296,821.0
4297,821.0
4298,821.0
4299,821.0
4300,821.0
4301,821.0
4302,864.0
4303,864.0
4304,864.0
4305,864.0
4306,864.0
4307,864.0
4308,864.0
4309,864.0
4310,864.0
4311,864.0
4312,864.0
4313,864.0
4314,864.0
4315,864.0
4316,864.0
4317,864.0
4318,864.0
4319,864.0
4320,864.0
4321,864.0
4322,864.0
4323,864.0
4324,864.0
4325,864.0
4326,864.0
4327,864.0
4328,864.0
4329,864.0
4330,864.0
4331,864.0
4332,864.0
4333,864.0
4334,864.0
4335,864.0
4336,2493.0
4337,2493.0
4338,2493.0
4339,2493.0
4340,1118.0
4341,1118.0
4342,1118.0
4343,1118.0
4344,1118.0
4345,1118.0
4346,1118.0
4347,1118.0
4348,1118.0
4349,1118.0
4350,1118.0
4351,1118.0
4352,1118.0
4353,1118.0
4354,1118.0
4355,1118.0
4356,1118.0
4357,1118.0
4358,1118.0
4359,1118.0
4360,1118.0
4361,1118.0
4362,1118.0
4363,1118.0
4364,1118.0
4365,1118.0
4366,1118.0
4367,1118.0
4368,1118.0
4369,1118.0
4370,1118.0
4371,1118.0
4372,1118.0
4373,1118.0
4374,1118.0
4375,1118.0
4376,1118.0
4377,1118.0
4378,1118.0
4379,1118.0
4380,1118.0
4381,1118.0
4382,1118.0
4383,1118.0
4384,1118.0
4385,1118.0
4386,1118.0
4387,1118.0
4388,1118.0
4389,1118.0
4390,1118.0
4391,1118.0
4392,1118.0
4393,1118.0
4394,1118.0
4395,1118.0
4396,1118.0
4397,1118.0
4398,1118.0
4399,1118.0
4400,1118.0
4401,1118.0
4402,1118.0
4403,1118.0
4404,1118.0
4405,1118.0
4406,1118.0
4407,1118.0
4408,1118.0
4409,1118.0
4410,1118.0
4411,1118.0
4412,1118.0
4413,1118.0
4414,1118.0
4415,1118.0
4416,1118.0
4417,1118.0
4418,1118.0
4419,1118.0
4420,1118.0
4421,1118.0
4422,1118.0
4423,1118.0
4424,1118.0
4425,1118.0
4426,1118.0
4427,1118.0
4428,1160.0
4429,1160.0
4430,1160.0
4431,1160.0
4432,1160.0
4433,1160.0
4434,1160.0
4435,1160.0
4436,1160.0
4437,1160.0
4438,1160.0
4439,1160.0
4440,1160.0
4441,1160.0
4442,1160.0
4443,1160.0
4444,1160.0
4445,1160.0
4446,1160.0
4447,1160.0
4448,1160.0
4449,1160.0
4450,1160.0
4451,1160.0
4452,1160.0
4453,1160.0
4454,1160.0
4455,1160.0
4456,1160.0
4457,1160.0
4458,1160.0
4459,1160.0
4460,1160.0
4461,1160.0
4462,1160.0
4463,1160.0
4464,1160.0
4465,1160.0
4466,1160.0
4467,1160.0
4468,1160.0
4469,1160.0
4470,1160.0
4471,1160.0
4472,1160.0
4473,1160.0
4474,1160.0
4475,1160.0
4476,1160.0
4477,1160.0
4478,1160.0
4479,1160.0
4480,1160.0
4481,1160.0
4482,1160.0
4483,1160.0
4484,1160.0
4485,1160.0
4486,1160.0
4487,1160.0
4488,1160.0
4489,1160.0
4490,1160.0
4491,1160.0
4492,1160.0
4493,1160.0
4494,1160.0
4495,1160.0
4496,1160.0
4497,1188.0
4498,1188.0
4499,1188.0
4500,1188.0
4501,1188.0
4502,1188.0
4503,1188.0
4504,1188.0
4505,1188.0
4506,1188.0
4507,1188.0
4508,1188.0
4509,1188.0
4510,1188.0
4511,1188.0
4512,1188.0
4513,1188.0
4514,1188.0
4515,1188.0
4516,1188.0
4517,1188.0
4518,1188.0
4519,1188.0
4520,1188.0
4521,1188.0
4522,1188.0
4523,1188.0
4524,1188.0
4525,1188.0
4526,1188.0
4527,1188.0
4528,1188.0
4529,1188.0
4530,1188.0
4531,1188.0
4532,1038.0
4533,1038.0
4534,1038.0
4535,1038.0
4536,1038.0
4537,1038.0
4538,1038.0
4539,1038.0
4540,1038.0
4541,1038.0
4542,1038.0
4543,1038.0
4544,1038.0
4545,1038.0
4546,1038.0
4547,1038.0
4548,1038.0
4549,1038.0
4550,1038.0
4551,1038.0
4552,1038.0
4553,1038.0
4554,1038.0
4555,1038.0
4556,1038.0
4557,1038.0
4558,1038.0
4559,1038.0
4560,1038.0
4561,1038.0
4562,1038.0
4563,1038.0
4564,1038.0
4565,1038.0
4566,1038.0
4567,1038.0
4568,1038.0
4569,1038.0
4570,1038.0
4571,1038.0
4572,1038.0
4573,1038.0
4574,1038.0
4575,1038.0
4576,1038.0
4577,1038.0
4578,1038.0
4579,1038.0
4580,1038.0
4581,1038.0
4582,1038.0
4583,1038.0
4584,1038.0
4585,1038.0
4586,1038.0
4587,1038.0
4588,1038.0
4589,1038.0
4590,1038.0
4591,1038.0
4592,1038.0
4593,1038.0
4594,1038.0
4595,1038.0
4596,1038.0
4597,1038.0
4598,1038.0
4599,1038.0
4600,1038.0
4601,1038.0
4602,1038.0
4603,1038.0
4604,1038.0
4605,1038.0
4606,1038.0
4607,1038.0
4608,1038.0
4609,1038.0
4610,1038.0
4611,1038.0
4612,1038.0
4613,1038.0
4614,1038.0
4615,1038.0
4616,1038.0
4617,1038.0
4618,1038.0
4619,1038.0
4620,1038.0
4621,1038.0
4622,1038.0
4623,1038.0
4624,2569.0
4625,2569.0
4626,1111.0
4627,1111.0
4628,1111.0
4629,1111.0
4630,1111.0
4631,1111.0
4632,1111.0
4633,1111.0
4634,1111.0
4635,1111.0
4636,1111.0
4637,1111.0
4638,1111.0
4639,1111.0
4640,1111.0
4641,1111.0
4642,1111.0
4643,1111.0
4644,1111.0
4645,1111.0
4646,1111.0
4647,1111.0
4648,1111.0
4649,1111.0
4650,1111.0
4651,1111.0
4652,1111.0
4653,1111.0
4654,1111.0
4655,1111.0
4656,1111.0
4657,1111.0
4658,1111.0
4659,1111.0
4660,1111.0
4661,1111.0
4662,1111.0
4663,1111.0
4664,1111.0
4665,1111.0
4666,1111.0
4667,1111.0
4668,1111.0
4669,1111.0
4670,1111.0
4671,1111.0
4672,1111.0
4673,1111.0
4674,1111.0
4675,1111.0
4676,1111.0
4677,1111.0
4678,1111.0
4679,1111.0
4680,1111.0
4681,1111.0
4682,1111.0
4683,1111.0
4684,1111.0
4685,1111.0
4686,1111.0
4687,1111.0
4688,1111.0
4689,1111.0
4690,1111.0
4691,1111.0
4692,1111.0
4693,1111.0
4694,1111.0
4695,1111.0
4696,1111.0
4697,1111.0
4698,1111.0
4699,1111.0
4700,1111.0
4701,1111.0
4702,1111.0
4703,1111.0
4704,1111.0
4705,1111.0
4706,1111.0
4707,1111.0
4708,1111.0
4709,1111.0
4710,1111.0
4711,1111.0
4712,1111.0
4713,1111.0
4714,1111.0
4715,1111.0
4716,1111.0
4717,1111.0
4718,1111.0
4719,1111.0
4720,1111.0
4721,1111.0
4722,1111.0
4723,1111.0
4724,1111.0
4725,1111.0
4726,1728.0
4727,1728.0
4728,1728.0
4729,1728.0
4730,1728.0
4731,1728.0
4732,1728.0
4733,1728.0
4734,1728.0
4735,1728.0
4736,1728.0
4737,1728.0
4738,1728.0
4739,1728.0
4740,1728.0
4741,1728.0
4742,1728.0
4743,1728.0
4744,1728.0
4745,1728.0
4746,1728.0
4747,1728.0
4748,1728.0
4749,1728.0
4750,1728.0
4751,1728.0
4752,1728.0
4753,1728.0
4754,1728.0
4755,1728.0
4756,1728.0
4757,1728.0
4758,1728.0
4759,1728.0
4760,1728.0
4761,1728.0
4762,1728.0
4763,1728.0
4764,1728.0
4765,1728.0
4766,1728.0
4767,1728.0
4768,1728.0
4769,1728.0
4770,1728.0
4771,1728.0
4772,1728.0
4773,1728.0
4774,1728.0
4775,1728.0
4776,1728.0
4777,1728.0
4778,1728.0
4779,1728.0
4780,1728.0
4781,1728.0
4782,1728.0
4783,1728.0
4784,1728.0
4785,1728.0
4786,1728.0
4787,1728.0
4788,1728.0
4789,1728.0
4790,1728.0
4791,1166.0
4792,1166.0
4793,1166.0
4794,1166.0
4795,1166.0
4796,1166.0
4797,1166.0
4798,1166.0
4799,1166.0
4800,1166.0
4801,1166.0
4802,1166.0
4803,1166.0
4804,1166.0
4805,1166.0
4806,1166.0
4807,1166.0
4808,1166.0
4809,1166.0
4810,1166.0
4811,1166.0
4812,1166.0
4813,1166.0
4814,1166.0
4815,1166.0
4816,1166.0
4817,1166.0
4818,1166.0
4819,1166.0
4820,1166.0
4821,1166.0
4822,1166.0
4823,1166.0
4824,1166.0
4825,1166.0
4826,822.0
4827,822.0
4828,822.0
4829,822.0
4830,822.0
4831,822.0
4832,822.0
4833,822.0
4834,822.0
4835,822.0
4836,822.0
4837,822.0
4838,822.0
4839,822.0
4840,822.0
4841,822.0
4842,822.0
4843,822.0
4844,822.0
4845,822.0
4846,822.0
4847,822.0
4848,822.0
4849,822.0
4850,822.0
4851,822.0
4852,822.0
4853,822.0
4854,822.0
4855,822.0
4856,822.0
4857,822.0
4858,822.0
4859,822.0
4860,822.0
4861,822.0
4862,822.0
4863,822.0
4864,822.0
4865,822.0
4866,822.0
4867,822.0
4868,822.0
4869,822.0
4870,822.0
4871,822.0
4872,822.0
4873,822.0
4874,822.0
4875,822.0
4876,822.0
4877,968.0
4878,968.0
4879,968.0
4880,968.0
4881,968.0
4882,968.0
4883,968.0
4884,968.0
4885,968.0
4886,968.0
4887,968.0
4888,968.0
4889,968.0
4890,968.0
4891,968.0
4892,968.0
4893,968.0
4894,968.0
4895,968.0
4896,968.0
4897,968.0
4898,968.0
4899,968.0
4900,968.0
4901,968.0
4902,968.0
4903,968.0
4904,968.0
4905,968.0
4906,968.0
4907,968.0
4908,968.0
4909,968.0
4910,968.0
4911,968.0
4912,968.0
4913,968.0
4914,968.0
4915,968.0
4916,968.0
4917,968.0
4918,968.0
4919,968.0
4920,968.0
4921,968.0
4922,968.0
4923,968.0
4924,968.0
4925,968.0
4926,968.0
4927,968.0
4928,908.0
4929,908.0
4930,908.0
4931,1312.0
4932,1312.0
4933,1312.0
4934,1312.0
4935,1312.0
4936,1312.0
4937,1312.0
4938,1312.0
4939,1312.0
4940,1312.0
4941,1312.0
4942,1312.0
4943,1312.0
4944,1312.0
4945,1312.0
4946,1312.0
4947,1312.0
4948,1312.0
4949,1312.0
4950,1312.0
4951,1312.0
4952,1312.0
4953,1312.0
4954,1312.0
4955,1312.0
4956,1312.0
4957,1312.0
4958,1312.0
4959,1312.0
4960,1312.0
4961,1312.0
4962,1312.0
4963,1312.0
4964,1312.0
4965,1312.0
4966,1312.0
4967,1312.0
4968,1312.0
4969,1485.0
4970,1485.0
4971,1485.0
4972,1485.0
4973,1485.0
4974,1485.0
4975,1485.0
4976,1485.0
4977,1485.0
4978,1485.0
4979,1485.0
4980,1485.0
4981,1485.0
4982,1485.0
4983,1485.0
4984,1485.0
4985,1485.0
4986,1485.0
4987,1485.0
4988,1485.0
4989,1485.0
4990,1485.0
4991,1485.0
4992,1485.0
4993,1485.0
4994,1485.0
4995,1485.0
4996,1485.0
4997,1485.0
4998,1485.0
4999,1485.0
5000,1485.0
5001,825.0
5002,825.0
5003,825.0
5004,825.0
5005,825.0
5006,825.0
5007,825.0
5008,825.0
5009,825.0
5010,825.0
5011,825.0
5012,825.0
5013,825.0
5014,825.0
5015,821.0
5016,821.0
5017,821.0
5018,821.0
5019,821.0
5020,821.0
5021,821.0
5022,821.0
5023,821.0
5024,821.0
5025,821.0
5026,821.0
5027,821.0
5028,821.0
5029,821.0
5030,821.0
5031,821.0
5032,821.0
5033,821.0
5034,821.0
5035,821.0
5036,821.0
5037,821.0
5038,821.0
5039,1013.0
5040,1013.0
5041,1013.0
5042,1013.0
5043,1013.0
5044,1013.0
5045,1013.0
5046,1013.0
5047,1013.0
5048,1013.0
5049,1013.0
5050,1013.0
5051,1013.0
5052,1013.0
5053,1013.0
5054,1013.0
5055,1013.0
5056,1013.0
5057,1013.0
5058,1013.0
5059,1013.0
5060,1449.0
5061,1449.0
5062,1449.0
5063,1449.0
5064,1449.0
5065,1449.0
5066,1449.0
5067,3033.0
5068,3033.0
5069,788.0
5070,788.0
5071,788.0
5072,788.0
5073,788.0
5074,788.0
5075,788.0
5076,788.0
5077,788.0
5078,1331.0
5079,1331.0
5080,1331.0
5081,1331.0
5082,1331.0
5083,1239.0
5084,1239.0
5085,1239.0
5086,1239.0
5087,1239.0
5088,645.0
5089,645.0
5090,645.0
5091,1826.0
5092,1826.0
5093,1826.0
5094,1826.0
5095,1826.0
5096,1826.0
5097,1826.0
5098,1826.0
5099,1826.0
5100,1826.0
5101,1826.0
5102,1826.0
5103,1826.0
5104,1826.0
5105,1826.0
5106,1826.0
5107,1826.0
5108,1826.0
5109,1826.0
5110,1826.0
5111,1826.0
5112,2542.0
5113,2542.0
5114,2542.0
5115,2542.0
5116,2542.0
5117,2542.0
5118,2542.0
5119,2542.0
5120,2542.0
5121,2542.0
5122,2542.0
5123,2542.0
5124,2542.0
5125,1188.0
5126,1188.0
5127,1188.0
5128,1188.0
5129,1188.0
5130,1188.0
5131,1188.0
5132,1878.0
5133,1878.0
5134,1878.0
5135,1878.0
5136,1878.0
5137,1878.0
5138,1878.0
5139,1878.0
5140,1780.0
5141,1780.0
5142,1780.0
5143,1780.0
5144,1780.0
5145,1780.0
5146,1780.0
5147,1780.0
5148,1780.0
5149,1780.0
5150,1780.0
5151,1780.0
5152,1885.0
5153,2191.0
5154,2191.0
5155,2191.0
5156,2191.0
5157,2191.0
5158,2191.0
5159,2191.0
5160,2191.0
5161,2191.0
5162,2191.0
5163,2191.0
5164,2191.0
5165,2191.0
5166,2191.0
5167,2191.0
5168,2191.0
5169,2191.0
5170,4326.0
5171,4326.0
5172,4326.0
5173,4326.0
5174,4326.0
5175,4326.0
5176,4326.0
5177,4326.0
5178,4326.0
5179,4326.0
5180,4326.0
5181,2092.0
5182,2092.0
5183,1544.0
5184,1544.0
5185,1544.0
5186,1544.0
5187,1544.0
5188,1544.0
5189,1544.0
5190,1544.0
5191,1021.0
5192,1021.0
5193,1021.0
5194,1021.0
5195,1021.0
5196,1021.0
5197,1021.0
5198,1021.0
5199,1021.0
5200,1021.0
5201,1021.0
5202,1021.0
5203,1021.0
5204,1021.0
5205,1021.0
5206,1021.0
5207,1021.0
5208,1021.0
5209,1021.0
5210,295.0
5211,295.0
5212,1629.0
5213,1629.0
5214,1629.0
5215,1629.0
5216,1629.0
5217,1629.0
5218,1629.0
5219,4925.0
5220,4925.0
5221,1033.0
5222,1033.0
5223,1033.0
5224,1691.0
5225,1691.0
5226,1691.0
5227,2685.0
5228,2685.0
5229,3076.0
5230,3076.0
5231,3076.0
5232,3076.0
5233,3076.0
5234,3076.0
5235,3076.0
5236,3076.0
5237,3076.0
5238,3076.0
5239,3076.0
5240,3076.0
5241,3076.0
5242,1175.0
5243,1175.0
5244,1175.0
5245,1175.0
5246,1175.0
5247,1175.0
5248,1175.0
5249,1175.0
5250,1175.0
5251,1175.0
5252,1175.0
5253,1175.0
5254,1175.0
5255,1175.0
5256,1175.0
5257,1175.0
5258,1175.0
5259,1175.0
5260,1175.0
5261,1175.0
5262,1175.0
5263,1175.0
5264,1175.0
5265,1175.0
5266,1175.0
5267,1894.0
5268,1894.0
5269,1894.0
5270,1894.0
5271,1724.0
5272,1724.0
5273,1724.0
5274,1724.0
5275,1724.0
5276,1724.0
5277,1724.0
5278,1724.0
5279,1724.0
5280,1724.0
5281,1724.0
5282,1724.0
5283,1724.0
5284,1724.0
5285,1724.0
5286,1724.0
5287,1724.0
5288,1724.0
5289,1724.0
5290,1724.0
5291,1724.0
5292,1724.0
5293,1724.0
5294,1724.0
5295,1724.0
5296,1724.0
5297,1724.0
5298,1724.0
5299,1724.0
5300,1724.0
5301,1724.0
5302,1724.0
5303,1724.0
5304,1724.0
5305,1724.0
5306,1724.0
5307,1724.0
5308,1724.0
5309,1724.0
5310,1724.0
5311,1724.0
5312,1724.0
5313,1724.0
5314,1724.0
5315,1724.0
5316,1724.0
5317,1724.0
5318,1724.0
5319,1724.0
5320,1724.0
5321,1724.0
5322,1724.0
5323,1724.0
5324,1724.0
5325,1724.0
5326,1724.0
5327,1724.0
5328,1724.0
5329,1724.0
5330,1724.0
5331,2137.0
5332,2137.0
5333,2137.0
5334,2137.0
5335,2137.0
5336,2137.0
5337,2137.0
5338,2137.0
5339,2137.0
5340,2137.0
5341,2137.0
5342,2137.0
5343,2137.0
5344,2137.0
5345,2137.0
5346,2137.0
5347,2137.0
5348,2137.0
5349,2137.0
5350,2137.0
5351,2137.0
5352,2137.0
5353,2137.0
5354,2137.0
5355,2137.0
5356,2137.0
5357,2137.0
5358,2137.0
5359,2137.0
5360,2137.0
5361,2137.0
5362,2137.0
5363,2137.0
5364,1905.0
5365,1905.0
5366,1905.0
5367,1905.0
5368,1905.0
5369,1905.0
5370,1905.0
5371,1905.0
5372,1905.0
5373,1905.0
5374,1905.0
5375,1905.0
5376,1905.0
5377,1905.0
5378,1905.0
5379,1905.0
5380,1905.0
5381,1905.0
5382,1905.0
5383,1905.0
5384,1905.0
5385,3219.0
5386,3219.0
5387,3219.0
5388,3219.0
5389,3219.0
5390,3219.0
5391,3219.0
5392,3219.0
5393,3219.0
5394,3219.0
5395,1322.0
5396,1322.0
5397,1322.0
5398,1322.0
5399,1322.0
5400,1322.0
5401,1322.0
5402,1322.0
5403,1322.0
5404,1322.0
5405,1322.0
5406,1322.0
5407,1322.0
5408,1322.0
5409,1322.0
5410,1322.0
5411,1322.0
5412,1322.0
5413,927.0
5414,927.0
5415,927.0
5416,927.0
5417,927.0
5418,927.0
5419,927.0
5420,927.0
5421,927.0
5422,889.0
5423,889.0
5424,889.0
5425,889.0
5426,889.0
5427,889.0
5428,889.0
5429,889.0
5430,889.0
5431,889.0
5432,889.0
5433,889.0
5434,889.0
5435,889.0
5436,889.0
5437,889.0
5438,889.0
5439,889.0
5440,889.0
5441,889.0
5442,889.0
5443,889.0
5444,889.0
5445,889.0
5446,889.0
5447,889.0
5448,889.0
5449,889.0
5450,889.0
5451,889.0
5452,889.0
5453,889.0
5454,889.0
5455,889.0
5456,889.0
5457,889.0
5458,889.0
5459,889.0
5460,889.0
5461,889.0
5462,889.0
5463,889.0
5464,889.0
5465,889.0
5466,889.0
5467,889.0
5468,889.0
5469,889.0
5470,889.0
5471,889.0
5472,889.0
5473,889.0
5474,889.0
5475,889.0
5476,889.0
5477,889.0
5478,889.0
5479,889.0
5480,889.0
5481,889.0
5482,889.0
5483,889.0
5484,889.0
5485,889.0
5486,889.0
5487,889.0
5488,889.0
5489,889.0
5490,889.0
5491,889.0
5492,889.0
5493,889.0
5494,889.0
5495,889.0
5496,889.0
5497,889.0
5498,889.0
5499,889.0
5500,889.0
5501,889.0
5502,889.0
5503,832.0
5504,832.0
5505,832.0
5506,832.0
5507,832.0
5508,832.0
5509,832.0
5510,832.0
5511,832.0
5512,832.0
5513,832.0
5514,832.0
5515,832.0
5516,832.0
5517,832.0
5518,832.0
5519,832.0
5520,832.0
5521,832.0
5522,832.0
5523,832.0
5524,832.0
5525,832.0
5526,832.0
5527,832.0
5528,832.0
5529,832.0
5530,832.0
5531,832.0
5532,832.0
5533,832.0
5534,832.0
5535,832.0
5536,832.0
5537,832.0
5538,832.0
5539,832.0
5540,832.0
5541,832.0
5542,832.0
5543,832.0
5544,832.0
5545,832.0
5546,832.0
5547,832.0
5548,832.0
5549,832.0
5550,832.0
5551,832.0
5552,832.0
5553,832.0
5554,832.0
5555,832.0
5556,832.0
5557,832.0
5558,832.0
5559,832.0
5560,832.0
5561,832.0
5562,832.0
5563,832.0
5564,978.0
5565,978.0
5566,978.0
5567,978.0
5568,978.0
5569,978.0
5570,978.0
5571,978.0
5572,978.0
5573,978.0
5574,978.0
5575,978.0
5576,978.0
5577,978.0
5578,978.0
5579,978.0
5580,978.0
5581,978.0
5582,978.0
5583,978.0
5584,978.0
5585,978.0
5586,978.0
5587,978.0
5588,978.0
5589,978.0
5590,978.0
5591,978.0
5592,6898.0
5593,6898.0
5594,6898.0
5595,6898.0
5596,6898.0
5597,6898.0
5598,6898.0
5599,6898.0
5600,961.0
5601,961.0
5602,961.0
5603,961.0
5604,961.0
5605,961.0
5606,961.0
5607,961.0
5608,961.0
5609,961.0
5610,961.0
5611,961.0
5612,961.0
5613,961.0
5614,961.0
5615,961.0
5616,961.0
5617,961.0
5618,961.0
5619,961.0
5620,961.0
5621,961.0
5622,961.0
5623,961.0
5624,961.0
5625,961.0
5626,961.0
5627,961.0
5628,961.0
5629,961.0
5630,961.0
5631,961.0
5632,961.0
5633,961.0
5634,961.0
5635,961.0
5636,961.0
5637,961.0
5638,961.0
5639,961.0
5640,961.0
5641,793.0
5642,793.0
5643,793.0
5644,793.0
5645,793.0
5646,793.0
5647,793.0
5648,793.0
5649,793.0
5650,793.0
5651,793.0
5652,793.0
5653,793.0
5654,793.0
5655,793.0
5656,793.0
5657,793.0
5658,793.0
5659,793.0
5660,1063.0
5661,1063.0
5662,1063.0
5663,1063.0
5664,1063.0
5665,1063.0
5666,1063.0
5667,1063.0
5668,1063.0
5669,1063.0
5670,1063.0
5671,1063.0
5672,1063.0
5673,1063.0
5674,1063.0
5675,1063.0
5676,1063.0
5677,1063.0
5678,1063.0
5679,1063.0
5680,1063.0
5681,1063.0
5682,1063.0
5683,1063.0
5684,1063.0
5685,1063.0
5686,1063.0
5687,1063.0
5688,1063.0
5689,1063.0
5690,1063.0
5691,1063.0
5692,1063.0
5693,1063.0
5694,1063.0
5695,1063.0
5696,1063.0
5697,1063.0
5698,1063.0
5699,1063.0
5700,1063.0
5701,1063.0
5702,1063.0
5703,1063.0
5704,1063.0
5705,1063.0
5706,1063.0
5707,1063.0
5708,1063.0
5709,1063.0
5710,1063.0
5711,1063.0
5712,1063.0
5713,1063.0
5714,1063.0
5715,1063.0
5716,1063.0
5717,1063.0
5718,1063.0
5719,1063.0
5720,1063.0
5721,1063.0
5722,1063.0
5723,1063.0
5724,1063.0
5725,1063.0
5726,1063.0
5727,1063.0
5728,1063.0
5729,1063.0
5730,1063.0
5731,1063.0
5732,1063.0
5733,1063.0
5734,1063.0
5735,1063.0
5736,1063.0
5737,1063.0
5738,1063.0
5739,1063.0
5740,1063.0
5741,1063.0
5742,1063.0
5743,1063.0
5744,1063.0
5745,1051.0
5746,1051.0
5747,1051.0
5748,1051.0
5749,1051.0
5750,1051.0
5751,1051.0
5752,1051.0
5753,1051.0
5754,1051.0
5755,1051.0
5756,1051.0
5757,1051.0
5758,1051.0
5759,1051.0
5760,1051.0
5761,1051.0
5762,1051.0
5763,1051.0
5764,1051.0
5765,1051.0
5766,1051.0
5767,1051.0
5768,1051.0
5769,1051.0
5770,1051.0
5771,1051.0
5772,1051.0
5773,1051.0
5774,1051.0
5775,1051.0
5776,1051.0
5777,1051.0
5778,1051.0
5779,1051.0
5780,1051.0
5781,1051.0
5782,1051.0
5783,1051.0
5784,1051.0
5785,1051.0
5786,1051.0
5787,1051.0
5788,1051.0
5789,1051.0
5790,1051.0
5791,1051.0
5792,1051.0
5793,1051.0
5794,1051.0
5795,1051.0
5796,1051.0
5797,1051.0
5798,1051.0
5799,1051.0
5800,1051.0
5801,1051.0
5802,1051.0
5803,1051.0
5804,1051.0
5805,1051.0
5806,1123.0
5807,1123.0
5808,1123.0
5809,1123.0
5810,1123.0
5811,1123.0
5812,1123.0
5813,1123.0
5814,1123.0
5815,1123.0
5816,1123.0
5817,1123.0
5818,1123.0
5819,1123.0
5820,1123.0
5821,1123.0
5822,1123.0
5823,1123.0
5824,1123.0
5825,1123.0
5826,1123.0
5827,1123.0
5828,1123.0
5829,1123.0
5830,1123.0
5831,1123.0
5832,1123.0
5833,1123.0
5834,1123.0
5835,1123.0
5836,1123.0
5837,1123.0
5838,1123.0
5839,1123.0
5840,1123.0
5841,1123.0
5842,1123.0
5843,1123.0
5844,1123.0
5845,1123.0
5846,4560.0
5847,4560.0
5848,4560.0
5849,4560.0
5850,4560.0
5851,4560.0
5852,4560.0
5853,4560.0
5854,4560.0
5855,882.0
5856,882.0
5857,882.0
5858,882.0
5859,882.0
5860,882.0
5861,882.0
5862,882.0
5863,882.0
5864,882.0
5865,882.0
5866,882.0
5867,882.0
5868,882.0
5869,882.0
5870,882.0
5871,882.0
5872,882.0
5873,882.0
5874,882.0
5875,882.0
5876,882.0
5877,882.0
5878,882.0
5879,882.0
5880,882.0
5881,882.0
5882,882.0
5883,882.0
5884,882.0
5885,882.0
5886,882.0
5887,882.0
5888,882.0
5889,882.0
5890,882.0
5891,964.0
5892,964.0
5893,964.0
5894,964.0
5895,964.0
5896,964.0
5897,964.0
5898,964.0
5899,964.0
5900,964.0
5901,964.0
5902,964.0
5903,964.0
5904,964.0
5905,964.0
5906,861.0
5907,861.0
5908,861.0
5909,861.0
5910,861.0
5911,861.0
5912,861.0
5913,861.0
5914,861.0
5915,861.0
5916,861.0
5917,861.0
5918,861.0
5919,861.0
5920,861.0
5921,861.0
5922,861.0
5923,861.0
5924,861.0
5925,861.0
5926,861.0
5927,861.0
5928,861.0
5929,861.0
5930,861.0
5931,861.0
5932,861.0
5933,861.0
5934,861.0
5935,861.0
5936,861.0
5937,861.0
5938,861.0
5939,861.0
5940,861.0
5941,861.0
5942,861.0
5943,861.0
5944,861.0
5945,861.0
5946,861.0
5947,861.0
5948,861.0
5949,861.0
5950,861.0
5951,861.0
5952,861.0
5953,861.0
5954,861.0
5955,861.0
5956,861.0
5957,861.0
5958,861.0
5959,861.0
5960,861.0
5961,861.0
5962,861.0
5963,861.0
5964,861.0
5965,861.0
5966,861.0
5967,861.0
5968,861.0
5969,861.0
5970,861.0
5971,861.0
5972,861.0
5973,861.0
5974,861.0
5975,861.0
5976,861.0
5977,861.0
5978,861.0
5979,861.0
5980,861.0
5981,861.0
5982,861.0
5983,861.0
5984,861.0
5985,861.0
5986,861.0
5987,623.0
5988,623.0
5989,623.0
5990,623.0
5991,623.0
5992,623.0
5993,623.0
5994,623.0
5995,623.0
5996,623.0
5997,623.0
5998,623.0
5999,623.0
6000,623.0
6001,623.0
6002,623.0
6003,623.0
6004,623.0
6005,623.0
6006,623.0
6007,623.0
6008,623.0
6009,623.0
6010,623.0
6011,623.0
6012,623.0
6013,623.0
6014,623.0
6015,623.0
6016,623.0
6017,623.0
6018,623.0
6019,623.0
6020,623.0
6021,623.0
6022,623.0
6023,623.0
6024,623.0
6025,623.0
6026,623.0
6027,623.0
6028,623.0
6029,623.0
6030,623.0
6031,623.0
6032,623.0
6033,623.0
6034,623.0
6035,623.0
6036,623.0
6037,623.0
6038,623.0
6039,623.0
6040,623.0
6041,623.0
6042,623.0
6043,623.0
6044,623.0
6045,623.0
6046,623.0
6047,623.0
6048,623.0
6049,623.0
6050,623.0
6051,623.0
6052,623.0
6053,623.0
6054,623.0
6055,623.0
6056,623.0
6057,623.0
6058,623.0
6059,623.0
6060,745.0
6061,745.0
6062,745.0
6063,745.0
6064,745.0
6065,745.0
6066,745.0
6067,745.0
6068,745.0
6069,745.0
6070,745.0
6071,745.0
6072,745.0
6073,745.0
6074,745.0
6075,745.0
6076,745.0
6077,745.0
6078,745.0
6079,745.0
6080,745.0
6081,745.0
6082,745.0
6083,745.0
6084,745.0
6085,745.0
6086,745.0
6087,745.0
6088,745.0
6089,745.0
6090,745.0
6091,745.0
6092,745.0
6093,745.0
6094,745.0
6095,745.0
6096,745.0
6097,745.0
6098,745.0
6099,745.0
6100,745.0
6101,745.0
6102,745.0
6103,745.0
6104,745.0
6105,745.0
6106,745.0
6107,745.0
6108,745.0
6109,745.0
6110,975.0
6111,975.0
6112,975.0
6113,2360.0
6114,2360.0
6115,2360.0
6116,2360.0
6117,2360.0
6118,2360.0
6119,2360.0
6120,2360.0
6121,2360.0
6122,2360.0
6123,2360.0
6124,2360.0
6125,2360.0
6126,2360.0
6127,2360.0
6128,2360.0
6129,2360.0
6130,2360.0
6131,1846.0
6132,1846.0
6133,1846.0
6134,1846.0
6135,1846.0
6136,1846.0
6137,1881.0
6138,1881.0
6139,1881.0
6140,1881.0
6141,1881.0
6142,1881.0
6143,1881.0
6144,1881.0
6145,1881.0
6146,2795.0
6147,2795.0
6148,2795.0
6149,2795.0
6150,2795.0
6151,2795.0
6152,2795.0
6153,2795.0
6154,2795.0
6155,2795.0
6156,2318.0
6157,2318.0
6158,2318.0
6159,2318.0
6160,2318.0
6161,2318.0
6162,2318.0
6163,2318.0
6164,2318.0
6165,2318.0
6166,2318.0
6167,2318.0
6168,2318.0
6169,2318.0
6170,5720.0
6171,1389.0
6172,1389.0
6173,1389.0
6174,1389.0
6175,1389.0
6176,1389.0
6177,1389.0
6178,1389.0
6179,1389.0
6180,1389.0
6181,1389.0
6182,1389.0
6183,1389.0
6184,1389.0
6185,1389.0
6186,1389.0
6187,1389.0
6188,1389.0
6189,1389.0
6190,1389.0
6191,1389.0
6192,1389.0
6193,1389.0
6194,1389.0
6195,1389.0
6196,1389.0
6197,1389.0
6198,1389.0
6199,1389.0
6200,1389.0
6201,1389.0
6202,1389.0
6203,1389.0
6204,1389.0
6205,1389.0
6206,1389.0
6207,1389.0
6208,1389.0
6209,1389.0
6210,1389.0
6211,1389.0
6212,1389.0
6213,1389.0
6214,1389.0
6215,1389.0
6216,1389.0
6217,1389.0
6218,1389.0
6219,1389.0
6220,1389.0
6221,1389.0
6222,1389.0
6223,1389.0
6224,1389.0
6225,2267.0
6226,2267.0
6227,2267.0
6228,2267.0
6229,2267.0
6230,2267.0
6231,2267.0
6232,2267.0
6233,2267.0
6234,2267.0
6235,2267.0
6236,2267.0
6237,2267.0
6238,2267.0
6239,2267.0
6240,2267.0
6241,2267.0
6242,1411.0
6243,1411.0
6244,1411.0
6245,1411.0
6246,1411.0
6247,1411.0
6248,1411.0
6249,1411.0
6250,1411.0
6251,1411.0
6252,1411.0
6253,1411.0
6254,1411.0
6255,1411.0
6256,1411.0
6257,1411.0
6258,1489.0
6259,1489.0
6260,1489.0
6261,1489.0
6262,1489.0
6263,1489.0
6264,1489.0
6265,1489.0
6266,1489.0
6267,1489.0
6268,1489.0
6269,1489.0
6270,1489.0
6271,1489.0
6272,1489.0
6273,1489.0
6274,1489.0
6275,1489.0
6276,1489.0
6277,1489.0
6278,1489.0
6279,1489.0
6280,1489.0
6281,1489.0
6282,1489.0
6283,1416.0
6284,1416.0
6285,1416.0
6286,1416.0
6287,1416.0
6288,1416.0
6289,1416.0
6290,1416.0
6291,1416.0
6292,1416.0
6293,1416.0
6294,1416.0
6295,1416.0
6296,1416.0
6297,1416.0
6298,1416.0
6299,1416.0
6300,1416.0
6301,1416.0
6302,1416.0
6303,1416.0
6304,1416.0
6305,1416.0
6306,1416.0
6307,1416.0
6308,1416.0
6309,1416.0
6310,1416.0
6311,1416.0
6312,1416.0
6313,717.0
6314,717.0
6315,717.0
6316,717.0
6317,717.0
6318,1722.0
6319,1722.0
6320,1722.0
6321,1722.0
6322,1722.0
6323,1722.0
6324,1722.0
6325,1722.0
6326,1722.0
6327,1722.0
6328,1722.0
6329,1722.0
6330,1722.0
6331,1722.0
6332,1722.0
6333,1722.0
6334,1722.0
6335,1722.0
6336,1722.0
6337,1722.0
6338,1722.0
6339,1722.0
6340,1722.0
6341,1722.0
6342,1722.0
6343,1722.0
6344,1722.0
6345,1722.0
6346,1722.0
6347,1722.0
6348,1722.0
6349,1722.0
6350,1722.0
6351,1722.0
6352,1722.0
6353,1722.0
6354,1722.0
6355,1722.0
6356,1881.0
6357,1881.0
6358,1881.0
6359,1881.0
6360,1881.0
6361,1881.0
6362,1881.0
6363,1881.0
6364,1881.0
6365,1881.0
6366,1881.0
6367,1881.0
6368,1881.0
6369,1881.0
6370,1881.0
6371,1881.0
6372,1881.0
6373,1881.0
6374,1881.0
6375,1881.0
6376,1881.0
6377,1881.0
6378,1881.0
6379,1267.0
6380,1267.0
6381,1267.0
6382,1267.0
6383,1267.0
6384,1267.0
6385,1267.0
6386,1267.0
6387,1267.0
6388,1267.0
6389,1267.0
6390,1267.0
6391,1267.0
6392,1267.0
6393,1267.0
6394,1267.0
6395,1004.0
6396,1004.0
6397,1004.0
6398,1004.0
6399,1004.0
6400,1004.0
6401,1004.0
6402,1004.0
6403,1004.0
6404,1004.0
6405,1004.0
6406,1004.0
6407,1004.0
6408,1004.0
6409,1004.0
6410,1004.0
6411,1004.0
6412,1004.0
6413,1004.0
6414,1004.0
6415,1004.0
6416,1004.0
6417,1004.0
6418,1004.0
6419,1004.0
6420,1004.0
6421,1004.0
6422,1004.0
6423,1004.0
6424,1004.0
6425,1004.0
6426,1004.0
6427,1004.0
6428,1004.0
6429,1004.0
6430,1004.0
6431,1004.0
6432,1241.0
6433,1241.0
6434,1241.0
6435,1241.0
6436,1241.0
6437,1241.0
6438,1241.0
6439,1241.0
6440,1241.0
6441,1241.0
6442,1241.0
6443,1241.0
6444,1241.0
6445,1241.0
6446,1241.0
6447,1241.0
6448,1241.0
6449,1241.0
6450,1241.0
6451,1241.0
6452,1241.0
6453,1241.0
6454,1241.0
6455,1241.0
6456,1241.0
6457,1241.0
6458,1241.0
6459,1241.0
6460,1241.0
6461,1241.0
6462,1241.0
6463,1241.0
6464,1493.0
6465,1493.0
6466,1493.0
6467,1493.0
6468,1493.0
6469,1493.0
6470,1493.0
6471,1493.0
6472,1493.0
6473,1493.0
6474,1493.0
6475,1493.0
6476,1493.0
6477,1493.0
6478,1493.0
6479,1493.0
6480,2133.0
6481,2133.0
6482,2133.0
6483,2133.0
6484,2133.0
6485,2133.0
6486,2133.0
6487,2133.0
6488,2133.0
6489,894.0
6490,894.0
6491,894.0
6492,894.0
6493,894.0
6494,894.0
6495,894.0
6496,860.0
6497,860.0
6498,860.0
6499,860.0
6500,860.0
6501,860.0
6502,860.0
6503,860.0
6504,860.0
6505,860.0
6506,860.0
6507,860.0
6508,860.0
6509,860.0
6510,729.0
6511,729.0
6512,729.0
6513,729.0
6514,729.0
6515,729.0
6516,729.0
6517,729.0
6518,729.0
6519,729.0
6520,729.0
6521,729.0
6522,729.0
6523,729.0
6524,729.0
6525,729.0
6526,729.0
6527,729.0
6528,2588.0
6529,2588.0
6530,1843.0
6531,1843.0
6532,1843.0
6533,1843.0
6534,440.0
6535,440.0
6536,1508.0
6537,1508.0
6538,1508.0
6539,1508.0
6540,1508.0
6541,1508.0
6542,1508.0
6543,1508.0
6544,1508.0
6545,1508.0
6546,1508.0
6547,1508.0
6548,1508.0
6549,1508.0
6550,1508.0
6551,1508.0
6552,1508.0
6553,1508.0
6554,2069.0
6555,2069.0
6556,2069.0
6557,2069.0
6558,2069.0
6559,2069.0
6560,904.0
6561,904.0
6562,904.0
6563,904.0
6564,904.0
6565,4180.0
6566,4180.0
6567,4180.0
6568,2888.0
6569,2888.0
6570,2888.0
6571,2888.0
6572,2888.0
6573,2209.0
6574,2209.0
6575,2209.0
6576,2209.0
6577,2209.0
6578,2209.0
6579,2209.0
6580,1510.0
6581,1510.0
6582,1510.0
6583,1510.0
6584,1510.0
6585,1510.0
6586,1510.0
6587,1115.0
6588,3262.0
6589,3262.0
6590,1012.0
6591,1012.0
6592,1012.0
6593,1012.0
6594,1012.0
6595,1012.0
6596,1012.0
6597,1012.0
6598,4375.0
6599,1123.0
6600,1300.0
